[["achievements",{"version":2,"data":{"vecHighlight":[],"vecUnachieved":[{"strID":"ch_3","strName":"Beginner's Luck","strDescription":"Win 1 Game as Pardner","strImage":"https://cdn.steamstatic.com/steamcommunity/public/images/apps/2318480/0e1ff12e3416e08858f4481675d0f6dc54a85304.jpg","bAchieved":false,"rtUnlocked":0,"flAchieved":18.700000762939453,"flMinProgress":0,"flCurrentProgress":0,"flMaxProgress":0},{"strID":"ch_109","strName":"HONK","strDescription":"Disorient a Worm with the Train Horn","strImage":"https://cdn.steamstatic.com/steamcommunity/public/images/apps/2318480/0e1ff12e3416e08858f4481675d0f6dc54a85304.jpg","bAchieved":false,"rtUnlocked":0,"flAchieved":18.200000762939453,"flMinProgress":0,"flCurrentProgress":0,"flMaxProgress":0},{"strID":"ch_126","strName":"Headache","strDescription":"Get Disoriented as a Worm","strImage":"https://cdn.steamstatic.com/steamcommunity/public/images/apps/2318480/0e1ff12e3416e08858f4481675d0f6dc54a85304.jpg","bAchieved":false,"rtUnlocked":0,"flAchieved":17.899999618530273,"flMinProgress":0,"flCurrentProgress":0,"flMaxProgress":0},{"strID":"ch_15","strName":"Live to tell the tale","strDescription":"Survive 1 Game as Pardner","strImage":"https://cdn.steamstatic.com/steamcommunity/public/images/apps/2318480/0e1ff12e3416e08858f4481675d0f6dc54a85304.jpg","bAchieved":false,"rtUnlocked":0,"flAchieved":17.600000381469727,"flMinProgress":0,"flCurrentProgress":0,"flMaxProgress":0},{"strID":"ch_106","strName":"Most Valuable Pardner","strDescription":"Have the highest Pardner score at the end of a round","strImage":"https://cdn.steamstatic.com/steamcommunity/public/images/apps/2318480/0e1ff12e3416e08858f4481675d0f6dc54a85304.jpg","bAchieved":false,"rtUnlocked":0,"flAchieved":17.5,"flMinProgress":0,"flCurrentProgress":0,"flMaxProgress":0},{"strID":"ch_6","strName":"This is MY Town, Pardner.","strDescription":"Win 1 Game as Worm","strImage":"https://cdn.steamstatic.com/steamcommunity/public/images/apps/2318480/0e1ff12e3416e08858f4481675d0f6dc54a85304.jpg","bAchieved":false,"rtUnlocked":0,"flAchieved":17.299999237060547,"flMinProgress":0,"flCurrentProgress":0,"flMaxProgress":0},{"strID":"ch_0","strName":"Vacation in Wormtown","strDescription":"Play 5 Games","strImage":"https://cdn.steamstatic.com/steamcommunity/public/images/apps/2318480/0e1ff12e3416e08858f4481675d0f6dc54a85304.jpg","bAchieved":false,"rtUnlocked":0,"flAchieved":14.600000381469727,"flMinProgress":0,"flCurrentProgress":0,"flMaxProgress":0},{"strID":"ch_117","strName":"On the Ed-ge of your seat","strDescription":"Grab a Pardner that's escaping via the Air Balloon","strImage":"https://cdn.steamstatic.com/steamcommunity/public/images/apps/2318480/0e1ff12e3416e08858f4481675d0f6dc54a85304.jpg","bAchieved":false,"rtUnlocked":0,"flAchieved":14.600000381469727,"flMinProgress":0,"flCurrentProgress":0,"flMaxProgress":0},{"strID":"ch_142","strName":"We go together or not at all","strDescription":"Escape with all Pardners surviving","strImage":"https://cdn.steamstatic.com/steamcommunity/public/images/apps/2318480/0e1ff12e3416e08858f4481675d0f6dc54a85304.jpg","bAchieved":false,"rtUnlocked":0,"flAchieved":13.800000190734863,"flMinProgress":0,"flCurrentProgress":0,"flMaxProgress":0},{"strID":"ch_98","strName":"Give 'em their flowers","strDescription":"Earn 10 End Game Awards","strImage":"https://cdn.steamstatic.com/steamcommunity/public/images/apps/2318480/0e1ff12e3416e08858f4481675d0f6dc54a85304.jpg","bAchieved":false,"rtUnlocked":0,"flAchieved":13.300000190734863,"flMinProgress":0,"flCurrentProgress":0,"flMaxProgress":0},{"strID":"ch_96","strName":"You Haul","strDescription":"Find a Backpack","strImage":"https://cdn.steamstatic.com/steamcommunity/public/images/apps/2318480/0e1ff12e3416e08858f4481675d0f6dc54a85304.jpg","bAchieved":false,"rtUnlocked":0,"flAchieved":12.699999809265137,"flMinProgress":0,"flCurrentProgress":0,"flMaxProgress":0},{"strID":"ch_46","strName":"Unstable Ground","strDescription":"Use Sinkhole 5 Times","strImage":"https://cdn.steamstatic.com/steamcommunity/public/images/apps/2318480/0e1ff12e3416e08858f4481675d0f6dc54a85304.jpg","bAchieved":false,"rtUnlocked":0,"flAchieved":12.600000381469727,"flMinProgress":0,"flCurrentProgress":0,"flMaxProgress":0}],"vecAchievedHidden":[],"nTotal":162,"nAchieved":0}}]]