[["achievements",{"version":2,"data":{"vecHighlight":[],"vecUnachieved":[{"strID":"2033_tank","strName":"Tank","strDescription":"Kill 10 Enemies in a row without taking any damage.","strImage":"https://cdn.steamstatic.com/steamcommunity/public/images/apps/286690/955747179aab607d0be0e276cd824f46b2034263.jpg","bAchieved":false,"rtUnlocked":0,"flAchieved":47.900001525878906,"flMinProgress":0,"flCurrentProgress":0,"flMaxProgress":0},{"strID":"2033_demolitionist","strName":"Demolitionist","strDescription":"Blow up the tunnel and airlock at CURSED STATION.","strImage":"https://cdn.steamstatic.com/steamcommunity/public/images/apps/286690/955747179aab607d0be0e276cd824f46b2034263.jpg","bAchieved":false,"rtUnlocked":0,"flAchieved":47.400001525878906,"flMinProgress":0,"flCurrentProgress":0,"flMaxProgress":0},{"strID":"2033_warior","strName":"Warrior","strDescription":"Kill 100 Human Enemies.","strImage":"https://cdn.steamstatic.com/steamcommunity/public/images/apps/286690/955747179aab607d0be0e276cd824f46b2034263.jpg","bAchieved":false,"rtUnlocked":0,"flAchieved":43.79999923706055,"flMinProgress":0,"flCurrentProgress":0,"flMaxProgress":0},{"strID":"2033_sniper_33","strName":"Sniper","strDescription":"Kill 30 human enemies with headshots.","strImage":"https://cdn.steamstatic.com/steamcommunity/public/images/apps/286690/955747179aab607d0be0e276cd824f46b2034263.jpg","bAchieved":false,"rtUnlocked":0,"flAchieved":42.29999923706055,"flMinProgress":0,"flCurrentProgress":0,"flMaxProgress":0},{"strID":"2033_nosalis_hunter","strName":"Nosalis hunter","strDescription":"Kill 100 nosalises.","strImage":"https://cdn.steamstatic.com/steamcommunity/public/images/apps/286690/955747179aab607d0be0e276cd824f46b2034263.jpg","bAchieved":false,"rtUnlocked":0,"flAchieved":40.5,"flMinProgress":0,"flCurrentProgress":0,"flMaxProgress":0},{"strID":"2033_watchman_hunter","strName":"Watchman hunter","strDescription":"Kill 50 Watchmen.","strImage":"https://cdn.steamstatic.com/steamcommunity/public/images/apps/286690/955747179aab607d0be0e276cd824f46b2034263.jpg","bAchieved":false,"rtUnlocked":0,"flAchieved":38.099998474121094,"flMinProgress":0,"flCurrentProgress":0,"flMaxProgress":0},{"strID":"2033_mashine_gun","strName":"Trigger Happy","strDescription":"Kill 100 enemies with assault rifles.","strImage":"https://cdn.steamstatic.com/steamcommunity/public/images/apps/286690/955747179aab607d0be0e276cd824f46b2034263.jpg","bAchieved":false,"rtUnlocked":0,"flAchieved":37.20000076293945,"flMinProgress":0,"flCurrentProgress":0,"flMaxProgress":0},{"strID":"2033_hunter","strName":"Hunter","strDescription":"Kill 200 Mutants.","strImage":"https://cdn.steamstatic.com/steamcommunity/public/images/apps/286690/955747179aab607d0be0e276cd824f46b2034263.jpg","bAchieved":false,"rtUnlocked":0,"flAchieved":37.099998474121094,"flMinProgress":0,"flCurrentProgress":0,"flMaxProgress":0},{"strID":"2033_gunman","strName":"Gunman","strDescription":"Kill 100 enemies with shotguns.","strImage":"https://cdn.steamstatic.com/steamcommunity/public/images/apps/286690/955747179aab607d0be0e276cd824f46b2034263.jpg","bAchieved":false,"rtUnlocked":0,"flAchieved":36.5,"flMinProgress":0,"flCurrentProgress":0,"flMaxProgress":0},{"strID":"2033_fireinthehole","strName":"Fire in the hole","strDescription":"Kill 20 lurkers.","strImage":"https://cdn.steamstatic.com/steamcommunity/public/images/apps/286690/955747179aab607d0be0e276cd824f46b2034263.jpg","bAchieved":false,"rtUnlocked":0,"flAchieved":33.400001525878906,"flMinProgress":0,"flCurrentProgress":0,"flMaxProgress":0},{"strID":"2033_who_goes_there","strName":"Who goes there?","strDescription":"Wipe your Gas Mask 20 times.","strImage":"https://cdn.steamstatic.com/steamcommunity/public/images/apps/286690/955747179aab607d0be0e276cd824f46b2034263.jpg","bAchieved":false,"rtUnlocked":0,"flAchieved":32.79999923706055,"flMinProgress":0,"flCurrentProgress":0,"flMaxProgress":0},{"strID":"2033_true_ranger","strName":"If it's hostile, you kill it.","strDescription":"Become a true ranger.","strImage":"https://cdn.steamstatic.com/steamcommunity/public/images/apps/286690/955747179aab607d0be0e276cd824f46b2034263.jpg","bAchieved":false,"rtUnlocked":0,"flAchieved":31.899999618530273,"flMinProgress":0,"flCurrentProgress":0,"flMaxProgress":0}],"vecAchievedHidden":[],"nTotal":49,"nAchieved":0}}]]