[["achievements",{"version":2,"data":{"vecHighlight":[],"vecUnachieved":[{"strID":"there_may_be_hope","strName":"There May Be Hope","strDescription":"Have your first successful date with a girl.","strImage":"https://cdn.steamstatic.com/steamcommunity/public/images/apps/339800/f6579a850c62b0b81eca979fd1edb297d2825f73.jpg","bAchieved":false,"rtUnlocked":0,"flAchieved":85.9000015258789,"flMinProgress":0,"flCurrentProgress":0,"flMaxProgress":0},{"strID":"vcard_revoked","strName":"V-card Revoked","strDescription":"Spend the night with a girl for the first time.","strImage":"https://cdn.steamstatic.com/steamcommunity/public/images/apps/339800/37093f0a6abce21c99de6b73523f7c5848e9a913.jpg","bAchieved":false,"rtUnlocked":0,"flAchieved":72.0999984741211,"flMinProgress":0,"flCurrentProgress":0,"flMaxProgress":0},{"strID":"truest_player","strName":"Truest Player","strDescription":"Spend the night with the goddess of love.","strImage":"https://cdn.steamstatic.com/steamcommunity/public/images/apps/339800/93cad25933bd9f1daa940b9057758a0abd8243d4.jpg","bAchieved":false,"rtUnlocked":0,"flAchieved":40.900001525878906,"flMinProgress":0,"flCurrentProgress":0,"flMaxProgress":0},{"strID":"make_the_move","strName":"Make the Move","strDescription":"While on a date, earn 2000 or more Affection in a single move.","strImage":"https://cdn.steamstatic.com/steamcommunity/public/images/apps/339800/4519169d4a3f172ed70935c2a2a4bdc780924045.jpg","bAchieved":false,"rtUnlocked":0,"flAchieved":27.299999237060547,"flMinProgress":0,"flCurrentProgress":0,"flMaxProgress":0},{"strID":"alpha","strName":"Alpha","strDescription":"Give Kyu ALL the pairs of panties after she asks for them.","strImage":"https://cdn.steamstatic.com/steamcommunity/public/images/apps/339800/0877417ec3c653ea58a7267dcb54ae7f50f74525.jpg","bAchieved":false,"rtUnlocked":0,"flAchieved":27,"flMinProgress":0,"flCurrentProgress":0,"flMaxProgress":0},{"strID":"pickup_artist","strName":"Pickup Artist","strDescription":"Spend the night with a girl within 4 days.","strImage":"https://cdn.steamstatic.com/steamcommunity/public/images/apps/339800/d845d9a92b47657ca4ce51b384f4b28431fcbbae.jpg","bAchieved":false,"rtUnlocked":0,"flAchieved":14.899999618530273,"flMinProgress":0,"flCurrentProgress":0,"flMaxProgress":0},{"strID":"quickie","strName":"Quickie","strDescription":"Successfully complete a date with at least 20 Moves remaining.","strImage":"https://cdn.steamstatic.com/steamcommunity/public/images/apps/339800/5da022e8a179b9c87a292aa59a527c9ad3785950.jpg","bAchieved":false,"rtUnlocked":0,"flAchieved":11.800000190734863,"flMinProgress":0,"flCurrentProgress":0,"flMaxProgress":0},{"strID":"alpha_champ","strName":"Alpha Champ","strDescription":"Successfully complete 5 dates while in Alpha Mode.","strImage":"https://cdn.steamstatic.com/steamcommunity/public/images/apps/339800/644373bc0c6fd0fb9f6ae78c0a5fc554aa541a30.jpg","bAchieved":false,"rtUnlocked":0,"flAchieved":8.5,"flMinProgress":0,"flCurrentProgress":0,"flMaxProgress":0},{"strID":"money_bags","strName":"Money Bags","strDescription":"Max out both your Munie and Hunie.","strImage":"https://cdn.steamstatic.com/steamcommunity/public/images/apps/339800/04c5cff7563c7e154ddfc807ef63c09979e5e264.jpg","bAchieved":false,"rtUnlocked":0,"flAchieved":7.400000095367432,"flMinProgress":0,"flCurrentProgress":0,"flMaxProgress":0},{"strID":"alpha_master","strName":"Alpha Master","strDescription":"Successfully complete 10 dates while in Alpha Mode.","strImage":"https://cdn.steamstatic.com/steamcommunity/public/images/apps/339800/c868e7c4fd0cb183b4c1409695406f2af8b2f059.jpg","bAchieved":false,"rtUnlocked":0,"flAchieved":6.300000190734863,"flMinProgress":0,"flCurrentProgress":0,"flMaxProgress":0},{"strID":"sobriety","strName":"Sobriety","strDescription":"Spend the night with ALL the girls without giving any of them an alcoholic drink.","strImage":"https://cdn.steamstatic.com/steamcommunity/public/images/apps/339800/4ae80902f3021b11638d28879493c0e2ddb3a936.jpg","bAchieved":false,"rtUnlocked":0,"flAchieved":6.199999809265137,"flMinProgress":0,"flCurrentProgress":0,"flMaxProgress":0},{"strID":"smooth_as_fuck","strName":"Smooth as F*ck","strDescription":"Spend the night with ALL the girls without failing a single date.","strImage":"https://cdn.steamstatic.com/steamcommunity/public/images/apps/339800/c5b8e6a61857d469884f955927998fe07f203d9f.jpg","bAchieved":false,"rtUnlocked":0,"flAchieved":5.699999809265137,"flMinProgress":0,"flCurrentProgress":0,"flMaxProgress":0}],"vecAchievedHidden":[],"nTotal":20,"nAchieved":0}}]]