{
  "BotBehaviour": 44,
  "CustomGamePlayedWhileFarming": "Farming Cards",
  "Enabled": true,
  "FarmingOrders": [
    15
  ],
  "FarmingPreferences": 148,
  "LootableTypes": [
    1,
    2,
    3,
    5,
    6,
    7,
    8,
    9,
    10,
    11,
    12,
    13,
    14,
    15,
    16
  ],
  "RedeemingPreferences": 1,
  "SteamLogin": "linhcharlie",
  "SteamPassword": "Womanhood-Snagged1-Bronze",
  "SteamUserPermissions": {
    "76561198086758651": 0,
    "76561198090763547": 3,
    "76561198206835751": 2,
    "76561198797964460": 2,
    "76561199003333828": 0
  },
  "TradingPreferences": 1,
  "EnableFreePackages": true,
  "PauseFreePackagesWhilePlaying": true,
  "FreePackagesLimit": 25,
  "FreePackagesFilters": [
    {
      "Types": [
        "Music"
      ]
    }
  ]
}