{
  "BotBehaviour": 44,
  "CustomGamePlayedWhileFarming": "Farming Cards",
  "CustomGamePlayedWhileIdle": "ShadyBot",
  "Enabled": true,
  "FarmingOrders": [
    15
  ],
  "FarmingPreferences": 144,
  "RedeemingPreferences": 1,
  "SteamLogin": "yotsudake",
  "SteamPassword": "Skz03254419",
  "SteamUserPermissions": {
    "76561198086758651": 3,
    "76561198090763547": 0,
    "76561198206835751": 0,
    "76561198797964460": 0,
    "76561199003333828": 2
  },
  "TradingPreferences": 1
}