[["achievements",{"version":2,"data":{"vecHighlight":[{"strID":"ACV005","strName":"Outfit Unlocked: 20","strDescription":"Unlock 20 Outfits","bAchieved":true,"rtUnlocked":1713812085,"strImage":"https://cdn.steamstatic.com/steamcommunity/public/images/apps/1260320/7c342d41f13a18fad2b023f7a5052e3b5ee19962.jpg","bHidden":false,"flMinProgress":0,"flCurrentProgress":0,"flMaxProgress":0,"flAchieved":38.5},{"strID":"ACV029","strName":"Sportsmanship","strDescription":"Knock out 1 player at the podium","bAchieved":true,"rtUnlocked":1713811999,"strImage":"https://cdn.steamstatic.com/steamcommunity/public/images/apps/1260320/bb14ddf4910debabd9438562794e86a971b1c47a.jpg","bHidden":false,"flMinProgress":0,"flCurrentProgress":0,"flMaxProgress":0,"flAchieved":58},{"strID":"ACV010","strName":"Yo Man","strDescription":"Get 1 new in-game friend","bAchieved":true,"rtUnlocked":1713811998,"strImage":"https://cdn.steamstatic.com/steamcommunity/public/images/apps/1260320/5c78a6d2a154f5f131fe4cab3b0bfb6d9c835190.jpg","bHidden":false,"flMinProgress":0,"flCurrentProgress":0,"flMaxProgress":0,"flAchieved":49.900001525878906}],"vecUnachieved":[{"strID":"ACV012","strName":"Welcome To The Party","strDescription":"Finish the Lab","strImage":"https://cdn.steamstatic.com/steamcommunity/public/images/apps/1260320/3e802186f799b23952d7e0d5c71420001bbfbf87.jpg","bAchieved":false,"rtUnlocked":0,"flAchieved":66,"flMinProgress":0,"flCurrentProgress":0,"flMaxProgress":0},{"strID":"ACV014","strName":"First Strike","strDescription":"Win 1 Quick Match game","strImage":"https://cdn.steamstatic.com/steamcommunity/public/images/apps/1260320/9e6e1144ecb87429656ba1d3a3c43c81fa8301d7.jpg","bAchieved":false,"rtUnlocked":0,"flAchieved":53,"flMinProgress":0,"flCurrentProgress":0,"flMaxProgress":0},{"strID":"ACV016","strName":"I Have A Friend","strDescription":"Team up and finish 1 Quick Match game alongside friends","strImage":"https://cdn.steamstatic.com/steamcommunity/public/images/apps/1260320/6161230b86bd5e9886b7bc1b414e6676bcd77af9.jpg","bAchieved":false,"rtUnlocked":0,"flAchieved":41,"flMinProgress":0,"flCurrentProgress":0,"flMaxProgress":0},{"strID":"ACV018","strName":"Currahee","strDescription":"Team up and win 1 Quick Match game alongside friends","strImage":"https://cdn.steamstatic.com/steamcommunity/public/images/apps/1260320/561a77c29a6f62ce7780e1a3b0301a7f4847cbc9.jpg","bAchieved":false,"rtUnlocked":0,"flAchieved":37.900001525878906,"flMinProgress":0,"flCurrentProgress":0,"flMaxProgress":0},{"strID":"ACV007","strName":"Avatar Master","strDescription":"Unlock 15 avatars","strImage":"https://cdn.steamstatic.com/steamcommunity/public/images/apps/1260320/a5d50ccfc2df193f2c977dbd2f5f607774175492.jpg","bAchieved":false,"rtUnlocked":0,"flAchieved":36.5,"flMinProgress":0,"flCurrentProgress":0,"flMaxProgress":0},{"strID":"ACV028","strName":"Who Did That","strDescription":"Throw item and knock out 5 opponents as spectator (require more than 6 human players when game ends)","strImage":"https://cdn.steamstatic.com/steamcommunity/public/images/apps/1260320/63979d3c0d5b9162d2db86fb15510ccfc44d9b7d.jpg","bAchieved":false,"rtUnlocked":0,"flAchieved":32.29999923706055,"flMinProgress":0,"flCurrentProgress":0,"flMaxProgress":0},{"strID":"ACV023","strName":"Piece of Cake","strDescription":"Win Last Stand Quick Match Classic in exactly 3 rounds","strImage":"https://cdn.steamstatic.com/steamcommunity/public/images/apps/1260320/1bc874e99f020a1137c38d877a92510a5517172f.jpg","bAchieved":false,"rtUnlocked":0,"flAchieved":27.700000762939453,"flMinProgress":0,"flCurrentProgress":0,"flMaxProgress":0},{"strID":"ACV017","strName":"Give Me Five","strDescription":"Team up and finish 10 Quick Match games alongside friends","strImage":"https://cdn.steamstatic.com/steamcommunity/public/images/apps/1260320/e9cfdeb001805807c7d394f6dc886a685a33ccd3.jpg","bAchieved":false,"rtUnlocked":0,"flAchieved":26.899999618530273,"flMinProgress":0,"flCurrentProgress":0,"flMaxProgress":0},{"strID":"ACV051","strName":"Arthur's Dream","strDescription":"In Blackhole Lab, knock out 1 opponent while afloat in mid-air (Quick Match)","strImage":"https://cdn.steamstatic.com/steamcommunity/public/images/apps/1260320/e711eddc4a475f8a0cecaf3e838aa9e8f25de062.jpg","bAchieved":false,"rtUnlocked":0,"flAchieved":26.5,"flMinProgress":0,"flCurrentProgress":0,"flMaxProgress":0},{"strID":"ACV004","strName":"Animal Unlock: 20","strDescription":"Unlock 20 Characters","strImage":"https://cdn.steamstatic.com/steamcommunity/public/images/apps/1260320/50029c48342a8fb73d169a8b4752f4f4aedfc62e.jpg","bAchieved":false,"rtUnlocked":0,"flAchieved":24.299999237060547,"flMinProgress":0,"flCurrentProgress":0,"flMaxProgress":0},{"strID":"ACV006","strName":"Fashionista","strDescription":"Unlock 30 Outfits","strImage":"https://cdn.steamstatic.com/steamcommunity/public/images/apps/1260320/9655261cd1163b96e1c556008d7f8f0750312029.jpg","bAchieved":false,"rtUnlocked":0,"flAchieved":23.799999237060547,"flMinProgress":0,"flCurrentProgress":0,"flMaxProgress":0},{"strID":"ACV015","strName":"10 Quick Match Wins","strDescription":"Win 10 Quick Match games","strImage":"https://cdn.steamstatic.com/steamcommunity/public/images/apps/1260320/cffbdbcd5ec34b71e9a66614a1c03912eb778fef.jpg","bAchieved":false,"rtUnlocked":0,"flAchieved":23.799999237060547,"flMinProgress":0,"flCurrentProgress":0,"flMaxProgress":0}],"vecAchievedHidden":[],"nTotal":108,"nAchieved":3}}],["achievementmap",{"version":5,"data":"[[1260320,[[\"ACV007\",{\"strName\":\"Avatar Master\",\"strDescription\":\"Unlock 15 avatars\",\"strImage\":\"https://cdn.steamstatic.com/steamcommunity/public/images/apps/1260320/752cb6172c9321b1fe4dbce50137e1dd5dea4cbf.jpg\",\"flAchieved\":36.5,\"strID\":\"ACV007\"}]]]]"}],["usernews",{"version":5,"data":["CAIQgriLvwYZhUmuCwEAEAEhAAAAAAAAAAApIDsTAAAAAABCBkFDVjAwNw==","CAIQ0LSLvwYZWizLCQEAEAEhAAAAAAAAAAApIDsTAAAAAABCBkFDVjAwNw==","COoHEKbH/70GGUX2QgIAAHABIdCrK10BABABKSA7EwAAAAAAUXcCkH5/XuoGYMTK/70GcKbH/70G"]}],["gameactivity",{"version":5,"data":[]}],["socialmedia",{"version":3,"data":[{"eType":5,"strName":"partyanimalsgame","strURL":"https://www.twitch.tv/partyanimalsgame"},{"eType":6,"strName":"Party Animals","strURL":"https://www.youtube.com/channel/UC0e1psm6wT3dw4CiAfoQrDA/"}]}],["associations",{"version":2,"data":{"rgDevelopers":[{"strName":"Recreate Games","strURL":null}],"rgPublishers":[{"strName":"Source Technology","strURL":null}],"rgFranchises":[]}}],["descriptions",{"version":1,"data":{"strFullDescription":"[h2] Make Painfully Great Memories with Your Friends in Party Animals. [/h2]\r\n\r\n\r\n[b] Mess With Your Friend in 100 Different Ways[/b]\r\n\r\n[img]https://shared.akamai.steamstatic.com/store_item_assets/steam/apps/1260320/extras/001.gif?t=1741588032[/img]\r\n\r\n\r\n[b]Or Together You Could Eliminate Others[/b]\r\n\r\n[img]https://shared.akamai.steamstatic.com/store_item_assets/steam/apps/1260320/extras/002.gif?t=1741588032[/img]\r\n\r\n\r\n[b]Teamwork Is Also Highly Appreciated Here[/b]\r\n\r\n[img]https://shared.akamai.steamstatic.com/store_item_assets/steam/apps/1260320/extras/003.gif?t=1741588032[/img]\r\n\r\n\r\n[b]Especially When Fighting For Gummy Bear[/b]\r\n\r\n[img]https://shared.akamai.steamstatic.com/store_item_assets/steam/apps/1260320/extras/2222.gif?t=1741588032[/img]","strSnippet":"Fight your friends as puppies, kittens and other fuzzy creatures in PARTY ANIMALS! Paw it out with your friends remotely, or huddle together for chaotic fun on the same screen. Interact with the world under our realistic physics engine. Did I mention PUPPIES?"}}]]