[["achievements",{"version":2,"data":{"vecHighlight":[{"strID":"Achievement_GOSCC_37","strName":"Power Spike","strDescription":"Spike strip a car that is targeting you with an EMP","bAchieved":true,"rtUnlocked":1716548732,"strImage":"https://cdn.steamstatic.com/steamcommunity/public/images/apps/1328660/7eda7932c98840ca605c2df6493c17fff732c720.jpg","bHidden":false,"flMinProgress":0,"flCurrentProgress":1,"flMaxProgress":1,"flAchieved":25.299999237060547},{"strID":"Achievement_GOSCC_21","strName":"Outlaw","strDescription":"Reach wanted level (11) Outlaw as a Racer","bAchieved":true,"rtUnlocked":1716547289,"strImage":"https://cdn.steamstatic.com/steamcommunity/public/images/apps/1328660/bd54bd141c5d56a6ab2a963b3e2d496c62c53c1c.jpg","bHidden":false,"flMinProgress":0,"flCurrentProgress":1,"flMaxProgress":1,"flAchieved":18},{"strID":"Achievement_GOSCC_59","strName":"Street of Dreams","strDescription":"Drive the Porsche 911 Speedster for 20 miles","bAchieved":true,"rtUnlocked":1716547289,"strImage":"https://cdn.steamstatic.com/steamcommunity/public/images/apps/1328660/d2397513c43104d1e924a85b3ff2ec024aeef062.jpg","bHidden":false,"flMinProgress":0,"flCurrentProgress":1,"flMaxProgress":1,"flAchieved":5.699999809265137},{"strID":"Achievement_GOSCC_20","strName":"Offender","strDescription":"Reach wanted level (8) Offender as a Racer","bAchieved":true,"rtUnlocked":1716541212,"strImage":"https://cdn.steamstatic.com/steamcommunity/public/images/apps/1328660/f876ac3438a2dfc913fd5d8538189a8818a517d4.jpg","bHidden":false,"flMinProgress":0,"flCurrentProgress":1,"flMaxProgress":1,"flAchieved":22.600000381469727},{"strID":"Achievement_GOSCC_19","strName":"Felon","strDescription":"Reach wanted level (6) Felon as a Racer","bAchieved":true,"rtUnlocked":1716484788,"strImage":"https://cdn.steamstatic.com/steamcommunity/public/images/apps/1328660/23431dd229903ff838df29b402aa957d3cdc3945.jpg","bHidden":false,"flMinProgress":0,"flCurrentProgress":1,"flMaxProgress":1,"flAchieved":27.899999618530273},{"strID":"Achievement_GOSCC_62","strName":"Rubbing Is Racing","strDescription":"Take down another racer in Arms Race","bAchieved":true,"rtUnlocked":1708964493,"strImage":"https://cdn.steamstatic.com/steamcommunity/public/images/apps/1328660/a14d08b650994d20bea0b06db0b114cac529d0bb.jpg","bHidden":false,"flMinProgress":0,"flCurrentProgress":1,"flMaxProgress":1,"flAchieved":3.700000047683716},{"strID":"Achievement_GOSCC_36","strName":"In the Zone","strDescription":"Use a full Turbo without hitting anything","bAchieved":true,"rtUnlocked":1708962993,"strImage":"https://cdn.steamstatic.com/steamcommunity/public/images/apps/1328660/06838b34f70bd721bc56f68486930ad387ca34be.jpg","bHidden":false,"flMinProgress":0,"flCurrentProgress":1,"flMaxProgress":1,"flAchieved":24.700000762939453},{"strID":"Achievement_GOSCC_35","strName":"Denied","strDescription":"First Jammer use that affects a Cop","bAchieved":true,"rtUnlocked":1708962753,"strImage":"https://cdn.steamstatic.com/steamcommunity/public/images/apps/1328660/eb2a604b9cd6fb7fbbfe17370a62d5c9f13d46e8.jpg","bHidden":false,"flMinProgress":0,"flCurrentProgress":1,"flMaxProgress":1,"flAchieved":31.299999237060547},{"strID":"Achievement_GOSCC_5","strName":"Patrolman","strDescription":"Reach rank (5) Patrolman as a Cop","bAchieved":true,"rtUnlocked":1708288111,"strImage":"https://cdn.steamstatic.com/steamcommunity/public/images/apps/1328660/ff8542900b6dd06cf9927d2f400f270fd3c9ac1d.jpg","bHidden":false,"flMinProgress":0,"flCurrentProgress":1,"flMaxProgress":1,"flAchieved":21.5},{"strID":"Achievement_GOSCC_34","strName":"Aerial Assistance","strDescription":"Call in a Helicopter which then hits a Racer with a Spike Strip","bAchieved":true,"rtUnlocked":1708288050,"strImage":"https://cdn.steamstatic.com/steamcommunity/public/images/apps/1328660/cb377523eaa1a7db5cf30a9385588a0b725db87d.jpg","bHidden":false,"flMinProgress":0,"flCurrentProgress":1,"flMaxProgress":1,"flAchieved":23.899999618530273},{"strID":"Achievement_GOSCC_31","strName":"Wall of Steel","strDescription":"Deploy a Road Block which then gets hit by a Racer","bAchieved":true,"rtUnlocked":1708285516,"strImage":"https://cdn.steamstatic.com/steamcommunity/public/images/apps/1328660/4d09c343e3a4246e41602f8fe104a0c698cc6eaa.jpg","bHidden":false,"flMinProgress":0,"flCurrentProgress":1,"flMaxProgress":1,"flAchieved":41.20000076293945},{"strID":"Achievement_GOSCC_32","strName":"Shock to the System","strDescription":"Get a hit with an EMP","bAchieved":true,"rtUnlocked":1708284613,"strImage":"https://cdn.steamstatic.com/steamcommunity/public/images/apps/1328660/38d65f571573b04cf05674552bb9c1affb1ee552.jpg","bHidden":false,"flMinProgress":0,"flCurrentProgress":1,"flMaxProgress":1,"flAchieved":39.70000076293945}],"vecUnachieved":[{"strID":"Achievement_GOSCC_6","strName":"Trooper","strDescription":"Reach rank (8) Trooper as a Cop","strImage":"https://cdn.steamstatic.com/steamcommunity/public/images/apps/1328660/a4870848873141b01abecc26339b65da8a278066.jpg","bAchieved":false,"rtUnlocked":0,"flAchieved":15.100000381469727,"flMinProgress":0,"flCurrentProgress":0,"flMaxProgress":1},{"strID":"Achievement_GOSCC_22","strName":"Wanted","strDescription":"Reach wanted level (14) Wanted as a Racer","strImage":"https://cdn.steamstatic.com/steamcommunity/public/images/apps/1328660/c410ce848f2277a7ac636846eb4773f924a96642.jpg","bAchieved":false,"rtUnlocked":0,"flAchieved":14.899999618530273,"flMinProgress":0,"flCurrentProgress":0,"flMaxProgress":1},{"strID":"Achievement_GOSCC_61","strName":"Flame Grilled","strDescription":"Use a full bar of nitrous in one go in the Lamborghini Sesto Elemento","strImage":"https://cdn.steamstatic.com/steamcommunity/public/images/apps/1328660/dc91ea69dbea5746445fecec79085165d12c7c72.jpg","bAchieved":false,"rtUnlocked":0,"flAchieved":14.800000190734863,"flMinProgress":0,"flCurrentProgress":0,"flMaxProgress":1},{"strID":"Achievement_GOSCC_60","strName":"The Diablo You Know","strDescription":"Hit top speed in a Lamborghini Diablo on a coastal road","strImage":"https://cdn.steamstatic.com/steamcommunity/public/images/apps/1328660/7027b8b218315dcddd809d7092be3605fa4a0258.jpg","bAchieved":false,"rtUnlocked":0,"flAchieved":14.699999809265137,"flMinProgress":0,"flCurrentProgress":0,"flMaxProgress":1},{"strID":"Achievement_GOSCC_7","strName":"Sergeant","strDescription":"Reach rank (11) Sergeant as a Cop","strImage":"https://cdn.steamstatic.com/steamcommunity/public/images/apps/1328660/3ca165bbdbd1c7f167897b60f61af4863fabc78f.jpg","bAchieved":false,"rtUnlocked":0,"flAchieved":12.600000381469727,"flMinProgress":0,"flCurrentProgress":0,"flMaxProgress":1},{"strID":"Achievement_GOSCC_51","strName":"Land Speed Record","strDescription":"Hold the Bugatti 16.4 Veyron Super Sport at top speed for 5 seconds","strImage":"https://cdn.steamstatic.com/steamcommunity/public/images/apps/1328660/867e0b2e49cc7df2f8cc86ba5f21fb811c3dbf54.jpg","bAchieved":false,"rtUnlocked":0,"flAchieved":12.399999618530273,"flMinProgress":0,"flCurrentProgress":0,"flMaxProgress":1},{"strID":"Achievement_GOSCC_23","strName":"Fugitive","strDescription":"Reach wanted level (17) Fugitive as a Racer","strImage":"https://cdn.steamstatic.com/steamcommunity/public/images/apps/1328660/2dc21ffe07a6e573ddf22d4a472c04d89673e923.jpg","bAchieved":false,"rtUnlocked":0,"flAchieved":11.5,"flMinProgress":0,"flCurrentProgress":0,"flMaxProgress":1},{"strID":"Achievement_GOSCC_2","strName":"Tour de Seacrest","strDescription":"Complete Seacrest Tour","strImage":"https://cdn.steamstatic.com/steamcommunity/public/images/apps/1328660/29f33a956ac67d17786b21ec6ec1edfb81e7a863.jpg","bAchieved":false,"rtUnlocked":0,"flAchieved":10.5,"flMinProgress":0,"flCurrentProgress":0,"flMaxProgress":1},{"strID":"Achievement_GOSCC_8","strName":"Lieutenant","strDescription":"Reach rank (14) Lieutenant as a Cop","strImage":"https://cdn.steamstatic.com/steamcommunity/public/images/apps/1328660/e6b163ea905ecca1008944d6a0bf4bea1ecf36e7.jpg","bAchieved":false,"rtUnlocked":0,"flAchieved":9.899999618530273,"flMinProgress":0,"flCurrentProgress":0,"flMaxProgress":1},{"strID":"Achievement_GOSCC_1","strName":"Settling the Score","strDescription":"Select a Friend Autolog Recommendation and beat it","strImage":"https://cdn.steamstatic.com/steamcommunity/public/images/apps/1328660/69e3c2d74e6a76edb5cb006b3dc77ad90325d218.jpg","bAchieved":false,"rtUnlocked":0,"flAchieved":9.800000190734863,"flMinProgress":0,"flCurrentProgress":0,"flMaxProgress":1},{"strID":"Achievement_GOSCC_55","strName":"Untouchable","strDescription":"Get gold in all the Speed Pack 1 Racer events","strImage":"https://cdn.steamstatic.com/steamcommunity/public/images/apps/1328660/71edc82b8d87ddafe2e281b44876955d95ed9db1.jpg","bAchieved":false,"rtUnlocked":0,"flAchieved":9.300000190734863,"flMinProgress":0,"flCurrentProgress":0,"flMaxProgress":1},{"strID":"Achievement_GOSCC_41","strName":"Shaken, Not Stirred","strDescription":"Win any Hot Pursuit in an Aston Martin","strImage":"https://cdn.steamstatic.com/steamcommunity/public/images/apps/1328660/595753369516e5e6b0d93af0c7ee48d99a049dc4.jpg","bAchieved":false,"rtUnlocked":0,"flAchieved":9.300000190734863,"flMinProgress":0,"flCurrentProgress":0,"flMaxProgress":1}],"vecAchievedHidden":[],"nTotal":66,"nAchieved":21}}]]