[["achievements",{"version":2,"data":{"vecHighlight":[],"vecUnachieved":[{"strID":"Achievement_GOSCC_4","strName":"Struck A Pose","strDescription":"Self-inflicted paparazzi.","strImage":"https://cdn.steamstatic.com/steamcommunity/public/images/apps/1426210/c66af38ff7c908f017af47c4387e27c43e24f382.jpg","bAchieved":false,"rtUnlocked":0,"flAchieved":57.20000076293945,"flMinProgress":0,"flCurrentProgress":0,"flMaxProgress":1},{"strID":"Achievement_GOSCC_3","strName":"Fried Friendship","strDescription":"It takes two to… torture.","strImage":"https://cdn.steamstatic.com/steamcommunity/public/images/apps/1426210/ac84579d2135d99ac2e5db389579941a0abc3731.jpg","bAchieved":false,"rtUnlocked":0,"flAchieved":56.29999923706055,"flMinProgress":0,"flCurrentProgress":0,"flMaxProgress":1},{"strID":"Achievement_GOSCC_7","strName":"Look At Him Go","strDescription":"Shoot for the stars, literally.","strImage":"https://cdn.steamstatic.com/steamcommunity/public/images/apps/1426210/ee54eaa5b1926576d66646f71472990812b4f653.jpg","bAchieved":false,"rtUnlocked":0,"flAchieved":50,"flMinProgress":0,"flCurrentProgress":0,"flMaxProgress":1},{"strID":"Achievement_GOSCC_12","strName":"On Rails Experience","strDescription":"Choo Choo!","strImage":"https://cdn.steamstatic.com/steamcommunity/public/images/apps/1426210/a3359834bd68316371f0a4f8056c682a117f16bd.jpg","bAchieved":false,"rtUnlocked":0,"flAchieved":37.599998474121094,"flMinProgress":0,"flCurrentProgress":0,"flMaxProgress":1},{"strID":"Achievement_GOSCC_9","strName":"A Daring Devil","strDescription":"Put on a show and die trying.","strImage":"https://cdn.steamstatic.com/steamcommunity/public/images/apps/1426210/3d38d727708235442c96f127123af5ddf6da3422.jpg","bAchieved":false,"rtUnlocked":0,"flAchieved":35.29999923706055,"flMinProgress":0,"flCurrentProgress":0,"flMaxProgress":1},{"strID":"Achievement_GOSCC_1","strName":"It Took Two","strDescription":"You did it! CO-LLA-BO-RATION!","strImage":"https://cdn.steamstatic.com/steamcommunity/public/images/apps/1426210/54c32a0e1d356d903b0805097467c973bf699163.jpg","bAchieved":false,"rtUnlocked":0,"flAchieved":34.29999923706055,"flMinProgress":0,"flCurrentProgress":0,"flMaxProgress":1},{"strID":"Achievement_GOSCC_8","strName":"Break the Bank","strDescription":"Guess it was time to cash out.","strImage":"https://cdn.steamstatic.com/steamcommunity/public/images/apps/1426210/66f095ed15226432ac27a91f4c100b23ffb58725.jpg","bAchieved":false,"rtUnlocked":0,"flAchieved":30.100000381469727,"flMinProgress":0,"flCurrentProgress":0,"flMaxProgress":1},{"strID":"Achievement_GOSCC_19","strName":"Bug Sized Relaxation","strDescription":"Release that tension at the root level.","strImage":"https://cdn.steamstatic.com/steamcommunity/public/images/apps/1426210/4f006b10ad8858ab324c4a8fa4e316849e871651.jpg","bAchieved":false,"rtUnlocked":0,"flAchieved":18.5,"flMinProgress":0,"flCurrentProgress":0,"flMaxProgress":1},{"strID":"Achievement_GOSCC_20","strName":"Meditation Maestro","strDescription":"You reached a higher state of mind. Or at least some peace and quiet.","strImage":"https://cdn.steamstatic.com/steamcommunity/public/images/apps/1426210/035a957d3c55e93ff8911d869e9225165a8df837.jpg","bAchieved":false,"rtUnlocked":0,"flAchieved":11.399999618530273,"flMinProgress":0,"flCurrentProgress":0,"flMaxProgress":1},{"strID":"Achievement_GOSCC_18","strName":"Terror Of The Seven Seas","strDescription":"Scurvy! Ye look smashing, captain!","strImage":"https://cdn.steamstatic.com/steamcommunity/public/images/apps/1426210/e640c86379d251a8eaef2d2b631005e05c3bb850.jpg","bAchieved":false,"rtUnlocked":0,"flAchieved":11.300000190734863,"flMinProgress":0,"flCurrentProgress":0,"flMaxProgress":1},{"strID":"Achievement_GOSCC_15","strName":"Lost And Found","strDescription":"Again? Keep track of your kids!","strImage":"https://cdn.steamstatic.com/steamcommunity/public/images/apps/1426210/2f247dcc77f8b7e8623f1ed5a76b679e270687ef.jpg","bAchieved":false,"rtUnlocked":0,"flAchieved":10.100000381469727,"flMinProgress":0,"flCurrentProgress":0,"flMaxProgress":1},{"strID":"Achievement_GOSCC_11","strName":"Realize Your Art","strDescription":"Isn't it pretty? That's going on the fridge.","strImage":"https://cdn.steamstatic.com/steamcommunity/public/images/apps/1426210/676541b281eb24f10f04122eed61a6fefa0ab71b.jpg","bAchieved":false,"rtUnlocked":0,"flAchieved":9.600000381469727,"flMinProgress":0,"flCurrentProgress":0,"flMaxProgress":1}],"vecAchievedHidden":[],"nTotal":20,"nAchieved":0}}]]