[["achievements",{"version":2,"data":{"vecHighlight":[{"strID":"ACHIEVEMENT_94","strName":"Welcome to Mexico 2.0","strDescription":"Complete the 'Welcome to Mexico' chapter of the 'Horizon Origins' Story","bAchieved":true,"rtUnlocked":1714932631,"strImage":"https://cdn.steamstatic.com/steamcommunity/public/images/apps/1551360/28888b3705b15f0717168790ad400b90b284a9a7.jpg","bHidden":false,"flMinProgress":0,"flCurrentProgress":100,"flMaxProgress":100,"flAchieved":21},{"strID":"ACHIEVEMENT_10","strName":"AWDyssey","strDescription":"Build the Horizon Wilds Outpost","bAchieved":true,"rtUnlocked":1710671399,"strImage":"https://cdn.steamstatic.com/steamcommunity/public/images/apps/1551360/785162936f1781c5564fb2569e336f72932eba45.jpg","bHidden":false,"flMinProgress":0,"flCurrentProgress":100,"flMaxProgress":100,"flAchieved":36.900001525878906},{"strID":"ACHIEVEMENT_139","strName":"Back To School","strDescription":"Complete the first chapter in the Icons of Speed Story","bAchieved":true,"rtUnlocked":1710668395,"strImage":"https://cdn.steamstatic.com/steamcommunity/public/images/apps/1551360/ad515ed44b2e2b25499aaa8aeaa66e2a425260f8.jpg","bHidden":false,"flMinProgress":0,"flCurrentProgress":100,"flMaxProgress":100,"flAchieved":16.200000762939453},{"strID":"ACHIEVEMENT_129","strName":"On the Road Again","strDescription":"Complete the first chapter of the Donut Media HiLow Story","bAchieved":true,"rtUnlocked":1706768488,"strImage":"https://cdn.steamstatic.com/steamcommunity/public/images/apps/1551360/08bdd3fd29530fbb88dd877ff431266a5dc35a13.jpg","bHidden":false,"flMinProgress":0,"flCurrentProgress":100,"flMaxProgress":100,"flAchieved":21.399999618530273},{"strID":"ACHIEVEMENT_14","strName":"Adrenaline Rush","strDescription":"Build the Horizon Rush Outpost","bAchieved":true,"rtUnlocked":1688844020,"strImage":"https://cdn.steamstatic.com/steamcommunity/public/images/apps/1551360/e2a722b911cd100a6ed5eb0aa6448ce50f9517fc.jpg","bHidden":false,"flMinProgress":0,"flCurrentProgress":100,"flMaxProgress":100,"flAchieved":30.899999618530273},{"strID":"ACHIEVEMENT_21","strName":"Show Me Your Moves!","strDescription":"Play any EventLab Event created by another player","bAchieved":true,"rtUnlocked":1688836209,"strImage":"https://cdn.steamstatic.com/steamcommunity/public/images/apps/1551360/30aaf772797d8dae7d6e795068b419c75276a957.jpg","bHidden":false,"flMinProgress":0,"flCurrentProgress":100,"flMaxProgress":100,"flAchieved":46.599998474121094},{"strID":"ACHIEVEMENT_22","strName":"Good Carma","strDescription":"Give another player some Kudos to show your appreciation","bAchieved":true,"rtUnlocked":1688835763,"strImage":"https://cdn.steamstatic.com/steamcommunity/public/images/apps/1551360/7d3ed486ca7c467d68e27779b09764081082908f.jpg","bHidden":false,"flMinProgress":0,"flCurrentProgress":100,"flMaxProgress":100,"flAchieved":54.70000076293945},{"strID":"ACHIEVEMENT_52","strName":"A Heart of Gold","strDescription":"Send another player a Gift Drop","bAchieved":true,"rtUnlocked":1688757230,"strImage":"https://cdn.steamstatic.com/steamcommunity/public/images/apps/1551360/6c0a526042ca6b945e8e96bd42594c997abcd727.jpg","bHidden":false,"flMinProgress":0,"flCurrentProgress":100,"flMaxProgress":100,"flAchieved":34.79999923706055},{"strID":"ACHIEVEMENT_11","strName":"Ask Any Racer, Any Real Racer","strDescription":"Build the Horizon Street Scene Outpost","bAchieved":true,"rtUnlocked":1688756480,"strImage":"https://cdn.steamstatic.com/steamcommunity/public/images/apps/1551360/2088582e7e35d6cb22f2ed3739bd87ba21604e2f.jpg","bHidden":false,"flMinProgress":0,"flCurrentProgress":100,"flMaxProgress":100,"flAchieved":34.599998474121094},{"strID":"ACHIEVEMENT_29","strName":"No Stone Unturned","strDescription":"Complete your first Expedition","bAchieved":true,"rtUnlocked":1688756471,"strImage":"https://cdn.steamstatic.com/steamcommunity/public/images/apps/1551360/bb1681e0036cda6dff7e050a63c72ef643b3e53c.jpg","bHidden":false,"flMinProgress":0,"flCurrentProgress":100,"flMaxProgress":100,"flAchieved":53.70000076293945},{"strID":"ACHIEVEMENT_8","strName":"Viva Horizon!","strDescription":"Unlock your first Horizon Finale Event","bAchieved":true,"rtUnlocked":1688243300,"strImage":"https://cdn.steamstatic.com/steamcommunity/public/images/apps/1551360/7c8d3419c7df6691fc7a17ad909df961ce7d6ae5.jpg","bHidden":false,"flMinProgress":0,"flCurrentProgress":100,"flMaxProgress":100,"flAchieved":51.20000076293945},{"strID":"ACHIEVEMENT_4","strName":"Icebreaker","strDescription":"Participate in a Horizon Arcade Event","bAchieved":true,"rtUnlocked":1688241300,"strImage":"https://cdn.steamstatic.com/steamcommunity/public/images/apps/1551360/6b8bd318d1edff99cbafd488557888d8f891e2fb.jpg","bHidden":false,"flMinProgress":0,"flCurrentProgress":100,"flMaxProgress":100,"flAchieved":46.70000076293945}],"vecUnachieved":[{"strID":"ACHIEVEMENT_51","strName":"Stunning Photography","strDescription":"Take a photo during a tropical storm","strImage":"https://cdn.steamstatic.com/steamcommunity/public/images/apps/1551360/62558fc3756d2e6517c687cae2f79345b5aed435.jpg","bAchieved":false,"rtUnlocked":0,"flAchieved":50.900001525878906,"flMinProgress":0,"flCurrentProgress":0,"flMaxProgress":100},{"strID":"ACHIEVEMENT_25","strName":"A Forza Edition to my Collection","strDescription":"Earn a Forza Edition car from a Wheelspin or Super Wheelspin","strImage":"https://cdn.steamstatic.com/steamcommunity/public/images/apps/1551360/59e76b4f97f78832e46428daeb6d4ed4c5cf07a7.jpg","bAchieved":false,"rtUnlocked":0,"flAchieved":45.5,"flMinProgress":0,"flCurrentProgress":0,"flMaxProgress":100},{"strID":"ACHIEVEMENT_28","strName":"An Item Of Extreme Value","strDescription":"Discover and photograph the Golden Tlaloc Totem","strImage":"https://cdn.steamstatic.com/steamcommunity/public/images/apps/1551360/d239aa1a76dd42a3a82f01eafc15f1f6de78b05c.jpg","bAchieved":false,"rtUnlocked":0,"flAchieved":42.900001525878906,"flMinProgress":0,"flCurrentProgress":0,"flMaxProgress":100},{"strID":"ACHIEVEMENT_13","strName":"There’s Always Money in the Baja Stand","strDescription":"Build the Horizon Baja Outpost","strImage":"https://cdn.steamstatic.com/steamcommunity/public/images/apps/1551360/1bb4c90d50225ac70f2126c058d0d950ad1709c3.jpg","bAchieved":false,"rtUnlocked":0,"flAchieved":35.900001525878906,"flMinProgress":0,"flCurrentProgress":0,"flMaxProgress":100},{"strID":"ACHIEVEMENT_46","strName":"Long Gone","strDescription":"Win the Goliath Race Event","strImage":"https://cdn.steamstatic.com/steamcommunity/public/images/apps/1551360/de388f9095a2b793027039537bb33d2c4c20e54b.jpg","bAchieved":false,"rtUnlocked":0,"flAchieved":30.200000762939453,"flMinProgress":0,"flCurrentProgress":0,"flMaxProgress":100},{"strID":"ACHIEVEMENT_17","strName":"Cover to Cover","strDescription":"Earn 3 stars on all chapters in a single Horizon Story","strImage":"https://cdn.steamstatic.com/steamcommunity/public/images/apps/1551360/a223333acfeda3ada5e9d9c7aff7d92ed7174af2.jpg","bAchieved":false,"rtUnlocked":0,"flAchieved":29.600000381469727,"flMinProgress":0,"flCurrentProgress":0,"flMaxProgress":100},{"strID":"ACHIEVEMENT_32","strName":"Seasoned Veteran","strDescription":"Complete a Festival Playlist activity in every season","strImage":"https://cdn.steamstatic.com/steamcommunity/public/images/apps/1551360/827f9c899612a5ca4cd283002a0202225d35b87c.jpg","bAchieved":false,"rtUnlocked":0,"flAchieved":29.600000381469727,"flMinProgress":0,"flCurrentProgress":75,"flMaxProgress":100},{"strID":"ACHIEVEMENT_58","strName":"No One Expects the Hot Wheels Expedition","strDescription":"Arrive at the Horizon Hot Wheels Outpost","strImage":"https://cdn.steamstatic.com/steamcommunity/public/images/apps/1551360/467e681a8b1377a05ca902d2023f8afa54469985.jpg","bAchieved":false,"rtUnlocked":0,"flAchieved":23.899999618530273,"flMinProgress":0,"flCurrentProgress":0,"flMaxProgress":100},{"strID":"ACHIEVEMENT_59","strName":"The Rookie","strDescription":"Complete the Rookie Qualifier Event","strImage":"https://cdn.steamstatic.com/steamcommunity/public/images/apps/1551360/ff090edff7018417fbb45c57b17df930d93da1b4.jpg","bAchieved":false,"rtUnlocked":0,"flAchieved":22.399999618530273,"flMinProgress":0,"flCurrentProgress":0,"flMaxProgress":100},{"strID":"ACHIEVEMENT_15","strName":"Hall of Famer","strDescription":"Reach the Horizon Hall of Fame","strImage":"https://cdn.steamstatic.com/steamcommunity/public/images/apps/1551360/24b5c07affabb65b58aeb253cf9523df13943bea.jpg","bAchieved":false,"rtUnlocked":0,"flAchieved":20.899999618530273,"flMinProgress":0,"flCurrentProgress":0,"flMaxProgress":100},{"strID":"ACHIEVEMENT_64","strName":"Missions!","strDescription":"Complete 5 Missions","strImage":"https://cdn.steamstatic.com/steamcommunity/public/images/apps/1551360/a7037a96d51a57fed5c01a6c95b32d7af425256c.jpg","bAchieved":false,"rtUnlocked":0,"flAchieved":20.200000762939453,"flMinProgress":0,"flCurrentProgress":0,"flMaxProgress":100},{"strID":"ACHIEVEMENT_78","strName":"Icy Roads Ahead","strDescription":"Win any race that includes sections of Hot Wheels Ice Track","strImage":"https://cdn.steamstatic.com/steamcommunity/public/images/apps/1551360/d4f5ff6615338ff7b1354909f5a5dd2286f23a89.jpg","bAchieved":false,"rtUnlocked":0,"flAchieved":17.200000762939453,"flMinProgress":0,"flCurrentProgress":0,"flMaxProgress":100}],"vecAchievedHidden":[],"nTotal":147,"nAchieved":22}}]]