[["achievements",{"version":2,"data":{"vecHighlight":[],"vecUnachieved":[],"vecAchievedHidden":[],"nTotal":0,"nAchieved":0}}],["achievementmap",{"version":5,"data":"[]"}],["usernews",{"version":5,"data":["COoHENn3/78GGVQwrQIAAHABISubCwUBABABKRgRIgAAAAAAUY8AwPGHYgoHYNn3/78GcNn3/78G","COoHEJmy278GGVQwrQIAAHABISubCwUBABABKRgRIgAAAAAAUQkAQLUGYm4LYJmy278GcJmy278G","COoHELO52L8GGVQwrQIAAHABISubCwUBABABKRgRIgAAAAAAUQ0AAEH0YX4HYLO52L8GcLO52L8G","CAMQyICzvwYZGz3HBwEAEAEhAAAAAAAAAAApAAAAAAAAAAAwyOwwaJiiiAE="]}],["gameactivity",{"version":5,"data":[]}],["associations",{"version":2,"data":{"rgDevelopers":[{"strName":"ExamlGuy","strURL":null}],"rgPublishers":[{"strName":"ExamlGuy","strURL":null}],"rgFranchises":[]}}],["descriptions",{"version":1,"data":{"strFullDescription":"You were on your way home one day when you realised the train was stopping at the same station over, and over again... at least you thought they were all the same station...\r\n\r\nTaking elements from Exit 8 and I'm On Observation Duty, Anomaly Exit fuses the spot-the-difference genre with psychological horror. Additionally, the experience is designed with singleplayer and multiplayer in mind.\r\n\r\n[b]GAMEPLAY[/b]\r\n- You only need to find one normal station to escape.\r\n\r\n- If the station is as you remembered, exit the station, or else get back on the train.\r\n\r\n- Take your time, remember the station... and don't forget it... something lurks in the tunnels...\r\n\r\n- Hidden in plain sight. The anomalies are not subtle, but you need to pay attention.\r\n\r\n- The station is small, but the anomalies are random and numerous.\r\n\r\n- No cheap jumpscares. As long as you're paying attention of course...\r\n\r\n- But you need to stay alert, avoid any strange beings in the stations, and avoid... the Anomaly Exit!\r\n\r\n[b]CO-OP MULTIPLAYER[/b]\r\nThe station is scary on your own, so team up with other passengers to try and help to remember your way out of the station together! Or you can go your separate ways, and see who makes it out alive.\r\n\r\n[b]PROXIMITY VOICE CHAT[/b]\r\nKeep your fellow passengers in shouting distance, or you won't know what may happen to them in the other room...\r\n\r\nThis is a memory based game. So take your time, be patient, no quick reflexes required.\r\nA headset is highly recommended!\r\nAverage playtime: 0.5 to 1.5 hours.\r\n\r\nCome join the Discord, I would love to hear your thoughts/feedback if you have any!\r\nhttps://discord.gg/EENtKDTCKD","strSnippet":"On your way home on the train, you weren't paying attention. Until you realised the train had been stopping at the same station over, and over again. Watch out for anomalies, and avoid the Anomaly Exit! Made for singleplayer and 2-6 co-operative multiplayer."}}]]