[["achievements",{"version":2,"data":{"vecHighlight":[],"vecUnachieved":[{"strID":"ACHIEVEMENT_126","strName":"Agent","strDescription":"Solve a Cipher.","strImage":"https://cdn.steamstatic.com/steamcommunity/public/images/apps/230410/fa11850aa54af2e6ff4a23382c47272052e252ad.jpg","bAchieved":false,"rtUnlocked":0,"flAchieved":64.80000305175781,"flMinProgress":0,"flCurrentProgress":0,"flMaxProgress":1},{"strID":"ACHIEVEMENT_31","strName":"Payday","strDescription":"Earn 1,000 Credits.","strImage":"https://cdn.steamstatic.com/steamcommunity/public/images/apps/230410/c06452a0d6189244b9cdfcc8237a1b325019ba90.jpg","bAchieved":false,"rtUnlocked":0,"flAchieved":59.599998474121094,"flMinProgress":0,"flCurrentProgress":0,"flMaxProgress":1000},{"strID":"ACHIEVEMENT_132","strName":"Practice Makes Perfect","strDescription":"Reach Rank 2 with any weapon.","strImage":"https://cdn.steamstatic.com/steamcommunity/public/images/apps/230410/957f082d67d47f250f13b630a7331c72bf501f3a.jpg","bAchieved":false,"rtUnlocked":0,"flAchieved":58.20000076293945,"flMinProgress":0,"flCurrentProgress":0,"flMaxProgress":0},{"strID":"ACHIEVEMENT_35","strName":"Secrets of the Orokin","strDescription":"Find 1 Mod.","strImage":"https://cdn.steamstatic.com/steamcommunity/public/images/apps/230410/36eddfd951127045521a42d52641a73e3b983f65.jpg","bAchieved":false,"rtUnlocked":0,"flAchieved":57.900001525878906,"flMinProgress":0,"flCurrentProgress":0,"flMaxProgress":1},{"strID":"ACHIEVEMENT_131","strName":"No Longer a Rookie","strDescription":"Reach Rank 2 with any Warframe.","strImage":"https://cdn.steamstatic.com/steamcommunity/public/images/apps/230410/45de05674395bb6d5ee366aaebbdf591d9657b0a.jpg","bAchieved":false,"rtUnlocked":0,"flAchieved":56.79999923706055,"flMinProgress":0,"flCurrentProgress":0,"flMaxProgress":0},{"strID":"ACHIEVEMENT_130","strName":"Counter Intelligence","strDescription":"Solve a Cipher in under 5 seconds.","strImage":"https://cdn.steamstatic.com/steamcommunity/public/images/apps/230410/e866b278f702c2d14a443fed0e49cec14d44f6a0.jpg","bAchieved":false,"rtUnlocked":0,"flAchieved":53.900001525878906,"flMinProgress":0,"flCurrentProgress":0,"flMaxProgress":0},{"strID":"ACHIEVEMENT_1","strName":"We Shape Our Tools","strDescription":"Apply a Mod to a weapon or Warframe.","strImage":"https://cdn.steamstatic.com/steamcommunity/public/images/apps/230410/b755e01266f0e7e2eae7b12328a68b805017317f.jpg","bAchieved":false,"rtUnlocked":0,"flAchieved":49.29999923706055,"flMinProgress":0,"flCurrentProgress":0,"flMaxProgress":0},{"strID":"ACHIEVEMENT_127","strName":"Special Agent","strDescription":"Solve 10 Ciphers.","strImage":"https://cdn.steamstatic.com/steamcommunity/public/images/apps/230410/d8380dd94482c256d53b1bd766ddffd3cb5ccfb7.jpg","bAchieved":false,"rtUnlocked":0,"flAchieved":49.20000076293945,"flMinProgress":0,"flCurrentProgress":0,"flMaxProgress":10},{"strID":"ACHIEVEMENT_21","strName":"Weaponsmith","strDescription":"Build an item in the Foundry.","strImage":"https://cdn.steamstatic.com/steamcommunity/public/images/apps/230410/5739d6675d986dbe9438157f7f9f1970562692e5.jpg","bAchieved":false,"rtUnlocked":0,"flAchieved":48.099998474121094,"flMinProgress":0,"flCurrentProgress":0,"flMaxProgress":1},{"strID":"ACHIEVEMENT_32","strName":"Nestegg","strDescription":"Earn 10,000 Credits.","strImage":"https://cdn.steamstatic.com/steamcommunity/public/images/apps/230410/8fd80ada476f4fbc782db2899949f58959f0c314.jpg","bAchieved":false,"rtUnlocked":0,"flAchieved":45.5,"flMinProgress":0,"flCurrentProgress":0,"flMaxProgress":10000},{"strID":"ACHIEVEMENT_57","strName":"Hooked","strDescription":"Play for 2 hours.","strImage":"https://cdn.steamstatic.com/steamcommunity/public/images/apps/230410/cb5f24ccff2aa473cdcbccda068e8359257b4040.jpg","bAchieved":false,"rtUnlocked":0,"flAchieved":40.5,"flMinProgress":0,"flCurrentProgress":0,"flMaxProgress":7200},{"strID":"ACHIEVEMENT_60","strName":"Initiate","strDescription":"Achieve the rank of Initiate.","strImage":"https://cdn.steamstatic.com/steamcommunity/public/images/apps/230410/c4e2d3366a6e58ee17b0e3414f45c101f74f2ed7.jpg","bAchieved":false,"rtUnlocked":0,"flAchieved":40.099998474121094,"flMinProgress":0,"flCurrentProgress":0,"flMaxProgress":0}],"vecAchievedHidden":[],"nTotal":193,"nAchieved":0}}]]