[["achievements",{"version":2,"data":{"vecHighlight":[],"vecUnachieved":[],"vecAchievedHidden":[],"nTotal":0,"nAchieved":0}}],["achievementmap",{"version":5,"data":"[]"}],["usernews",{"version":5,"data":[]}],["gameactivity",{"version":5,"data":[]}],["socialmedia",{"version":3,"data":[]}],["associations",{"version":2,"data":{"rgDevelopers":[{"strName":"UL","strURL":"https://store.steampowered.com/developer/UL"}],"rgPublishers":[{"strName":"UL","strURL":"https://store.steampowered.com/publisher/UL"}],"rgFranchises":[]}}],["descriptions",{"version":1,"data":{"strFullDescription":"[p]Test your PC with the world's most popular benchmarking app. The 3DMark demo includes the Steel Nomad, Steel Nomad Light, Time Spy, and Fire Strike benchmarks. Test your PC then compare scores with your friends on Steam.[/p]","strSnippet":"Test your PC with the world's most popular benchmarking app. The 3DMark demo includes the Steel Nomad, Steel Nomad Light, Time Spy, and Fire Strike benchmarks. Test your PC then compare scores with your friends on Steam."}}]]