[["achievements",{"version":2,"data":{"vecHighlight":[],"vecUnachieved":[{"strID":"KillBrutus","strName":"Mercy Killing","strDescription":"Kill Brutus, Warden of Axiom Prison.","strImage":"https://cdn.steamstatic.com/steamcommunity/public/images/apps/238960/088ae6cdf546d2fb5f5657cdfe896e76e0e4691b.jpg","bAchieved":false,"rtUnlocked":0,"flAchieved":49.900001525878906,"flMinProgress":0,"flCurrentProgress":0,"flMaxProgress":0},{"strID":"KillMerveil","strName":"The Star of Wraeclast","strDescription":"Kill Merveil, the Siren.","strImage":"https://cdn.steamstatic.com/steamcommunity/public/images/apps/238960/4a5d67915e2aa813a91e66a2c50b65ea9a771717.jpg","bAchieved":false,"rtUnlocked":0,"flAchieved":45,"flMinProgress":0,"flCurrentProgress":0,"flMaxProgress":0},{"strID":"EquipUnique","strName":"One of a Kind","strDescription":"Equip a Unique item.","strImage":"https://cdn.steamstatic.com/steamcommunity/public/images/apps/238960/cbdc20e9bfbff02dbf2a4696923dd0b5785950ef.jpg","bAchieved":false,"rtUnlocked":0,"flAchieved":38.599998474121094,"flMinProgress":0,"flCurrentProgress":0,"flMaxProgress":0},{"strID":"ShatterFiveInOne","strName":"Cryomancer","strDescription":"Shatter 5 monsters with a single action.","strImage":"https://cdn.steamstatic.com/steamcommunity/public/images/apps/238960/b69ce89050ad7d91e3c77ebfa8c587a0a36b0da2.jpg","bAchieved":false,"rtUnlocked":0,"flAchieved":36.70000076293945,"flMinProgress":0,"flCurrentProgress":0,"flMaxProgress":0},{"strID":"SlayBurningShockedFrozen","strName":"Elemental Trinity","strDescription":"Slay an enemy that is simultaneously Ignited, Shocked, and Frozen.","strImage":"https://cdn.steamstatic.com/steamcommunity/public/images/apps/238960/63af30f87283ee5935be58b3527fb9e428ce5186.jpg","bAchieved":false,"rtUnlocked":0,"flAchieved":35,"flMinProgress":0,"flCurrentProgress":0,"flMaxProgress":0},{"strID":"KillVaal","strName":"A New Dawn","strDescription":"Vanquish the Vaal Oversoul.","strImage":"https://cdn.steamstatic.com/steamcommunity/public/images/apps/238960/1c9fae11ce542819c1864f6fde719f3444e02bcd.jpg","bAchieved":false,"rtUnlocked":0,"flAchieved":34.400001525878906,"flMinProgress":0,"flCurrentProgress":0,"flMaxProgress":0},{"strID":"OpenAVaalVessel","strName":"Time Capsule","strDescription":"Open a Vaal Vessel in a corrupted zone.","strImage":"https://cdn.steamstatic.com/steamcommunity/public/images/apps/238960/1cf227733e068fcf1ec54c6e8e1f3bf060c3986e.jpg","bAchieved":false,"rtUnlocked":0,"flAchieved":31.399999618530273,"flMinProgress":0,"flCurrentProgress":0,"flMaxProgress":0},{"strID":"KillPiety","strName":"Rest for the Wicked","strDescription":"Defeat Piety in her laboratory.","strImage":"https://cdn.steamstatic.com/steamcommunity/public/images/apps/238960/4f0820f46a3d0868ebf2bff065eb6d575cebb397.jpg","bAchieved":false,"rtUnlocked":0,"flAchieved":29.299999237060547,"flMinProgress":0,"flCurrentProgress":0,"flMaxProgress":0},{"strID":"UnlockScion","strName":"Freedom","strDescription":"Free the Scion.","strImage":"https://cdn.steamstatic.com/steamcommunity/public/images/apps/238960/35a0aeb464d2f2cdc2883dc272bdcca6c4a3f041.jpg","bAchieved":false,"rtUnlocked":0,"flAchieved":28.700000762939453,"flMinProgress":0,"flCurrentProgress":0,"flMaxProgress":0},{"strID":"AllocateKeystone","strName":"Paradigm Shift","strDescription":"Allocate a Keystone Passive Skill.","strImage":"https://cdn.steamstatic.com/steamcommunity/public/images/apps/238960/94aa416d2fecc2e1d74d7d8fc87a43c1eda26dca.jpg","bAchieved":false,"rtUnlocked":0,"flAchieved":26.299999237060547,"flMinProgress":0,"flCurrentProgress":0,"flMaxProgress":0},{"strID":"KillVollBoss","strName":"Purifier","strDescription":"Kill Voll, Emperor of Purity.","strImage":"https://cdn.steamstatic.com/steamcommunity/public/images/apps/238960/4ca7296626ddbbf1e6302d1bec3358d1badcb617.jpg","bAchieved":false,"rtUnlocked":0,"flAchieved":26.100000381469727,"flMinProgress":0,"flCurrentProgress":0,"flMaxProgress":0},{"strID":"KillDominus","strName":"Heretic","strDescription":"Kill High Templar Dominus.","strImage":"https://cdn.steamstatic.com/steamcommunity/public/images/apps/238960/4a008255644a512da92140f4e3f3e16e61c9cd16.jpg","bAchieved":false,"rtUnlocked":0,"flAchieved":24.700000762939453,"flMinProgress":0,"flCurrentProgress":0,"flMaxProgress":0}],"vecAchievedHidden":[],"nTotal":127,"nAchieved":0}}]]