[["achievements",{"version":2,"data":{"vecHighlight":[{"strID":"AC_ONEHUNDRED","strName":"100Kmh","strDescription":"Obtained at 100 Km/h","bAchieved":true,"rtUnlocked":1724678715,"strImage":"https://cdn.steamstatic.com/steamcommunity/public/images/apps/244210/bc4243e5f265a93da2100872e7add1c129eb5e3b.jpg","bHidden":false,"flMinProgress":0,"flCurrentProgress":0,"flMaxProgress":0,"flAchieved":63.29999923706055}],"vecUnachieved":[{"strID":"AC_TWOHUNDRED","strName":"200Kmh","strDescription":"Obtained at 200 Km/h","strImage":"https://cdn.steamstatic.com/steamcommunity/public/images/apps/244210/cf64b1277022a1b0ef0ef079efd2c07a0c0b1bca.jpg","bAchieved":false,"rtUnlocked":0,"flAchieved":46.599998474121094,"flMinProgress":0,"flCurrentProgress":0,"flMaxProgress":0},{"strID":"AC_THREEHUNDRED","strName":"300Kmh","strDescription":"Obtained at 300 Km/h","strImage":"https://cdn.steamstatic.com/steamcommunity/public/images/apps/244210/cf64b1277022a1b0ef0ef079efd2c07a0c0b1bca.jpg","bAchieved":false,"rtUnlocked":0,"flAchieved":28.700000762939453,"flMinProgress":0,"flCurrentProgress":0,"flMaxProgress":0},{"strID":"AC_TIMEATTACK_3","strName":"Time Attack Rookie","strDescription":"Obtained if the player completes 3 laps in Time Attack Mode","strImage":"https://cdn.steamstatic.com/steamcommunity/public/images/apps/244210/cf64b1277022a1b0ef0ef079efd2c07a0c0b1bca.jpg","bAchieved":false,"rtUnlocked":0,"flAchieved":25.200000762939453,"flMinProgress":0,"flCurrentProgress":0,"flMaxProgress":0},{"strID":"AC_CLEANDRIVE","strName":"Clean Drive","strDescription":"Obtained if the player completes 5 laps without getting any damage to the car. Any mode.","strImage":"https://cdn.steamstatic.com/steamcommunity/public/images/apps/244210/cf64b1277022a1b0ef0ef079efd2c07a0c0b1bca.jpg","bAchieved":false,"rtUnlocked":0,"flAchieved":22.700000762939453,"flMinProgress":0,"flCurrentProgress":0,"flMaxProgress":0},{"strID":"AC_DISTANCE_50","strName":"Going for the distance (50)","strDescription":"Obtained if the player drive more than 50 Km in one session","strImage":"https://cdn.steamstatic.com/steamcommunity/public/images/apps/244210/cf64b1277022a1b0ef0ef079efd2c07a0c0b1bca.jpg","bAchieved":false,"rtUnlocked":0,"flAchieved":19.700000762939453,"flMinProgress":0,"flCurrentProgress":0,"flMaxProgress":0},{"strID":"AC_TIMEATTACK_5","strName":"Time Attack Driver","strDescription":"Obtained if the player completes 5 laps in Time Attack Mode.","strImage":"https://cdn.steamstatic.com/steamcommunity/public/images/apps/244210/cf64b1277022a1b0ef0ef079efd2c07a0c0b1bca.jpg","bAchieved":false,"rtUnlocked":0,"flAchieved":13.800000190734863,"flMinProgress":0,"flCurrentProgress":0,"flMaxProgress":0},{"strID":"AC_DISTANCE_100","strName":"Going for the distance (100)","strDescription":"Obtained if the player drive more than 100 Km in one session","strImage":"https://cdn.steamstatic.com/steamcommunity/public/images/apps/244210/cf64b1277022a1b0ef0ef079efd2c07a0c0b1bca.jpg","bAchieved":false,"rtUnlocked":0,"flAchieved":9.199999809265137,"flMinProgress":0,"flCurrentProgress":0,"flMaxProgress":0},{"strID":"AC_PRACTICE_10","strName":"10 Laps in practice mode","strDescription":"Obtained if the player completes 10 valid laps in Practice mode","strImage":"https://cdn.steamstatic.com/steamcommunity/public/images/apps/244210/cf64b1277022a1b0ef0ef079efd2c07a0c0b1bca.jpg","bAchieved":false,"rtUnlocked":0,"flAchieved":8.899999618530273,"flMinProgress":0,"flCurrentProgress":0,"flMaxProgress":0},{"strID":"AC_NOASSISTS_PRACTICE","strName":"Sim practice","strDescription":"Obtained if the player completes 10 laps in practice mode with no assists. If the car has some assist by default, the player must turn them off.","strImage":"https://cdn.steamstatic.com/steamcommunity/public/images/apps/244210/cf64b1277022a1b0ef0ef079efd2c07a0c0b1bca.jpg","bAchieved":false,"rtUnlocked":0,"flAchieved":4.800000190734863,"flMinProgress":0,"flCurrentProgress":0,"flMaxProgress":0},{"strID":"DRIFT_LEVEL_10","strName":"Drift Rookie","strDescription":"Reach level 10 in drift mode","strImage":"https://cdn.steamstatic.com/steamcommunity/public/images/apps/244210/cf64b1277022a1b0ef0ef079efd2c07a0c0b1bca.jpg","bAchieved":false,"rtUnlocked":0,"flAchieved":3.799999952316284,"flMinProgress":0,"flCurrentProgress":0,"flMaxProgress":0},{"strID":"AC_HOTLAPPER","strName":"10 Laps in hotlap mode","strDescription":"Obtained if the player completes 10 valid laps in Hotlap mode.","strImage":"https://cdn.steamstatic.com/steamcommunity/public/images/apps/244210/cf64b1277022a1b0ef0ef079efd2c07a0c0b1bca.jpg","bAchieved":false,"rtUnlocked":0,"flAchieved":3.299999952316284,"flMinProgress":0,"flCurrentProgress":0,"flMaxProgress":0},{"strID":"AC_DISTANCE_250","strName":"Going for the distance (250)","strDescription":"Obtained if the player drive more than 250 Km in one session","strImage":"https://cdn.steamstatic.com/steamcommunity/public/images/apps/244210/cf64b1277022a1b0ef0ef079efd2c07a0c0b1bca.jpg","bAchieved":false,"rtUnlocked":0,"flAchieved":3.0999999046325684,"flMinProgress":0,"flCurrentProgress":0,"flMaxProgress":0}],"vecAchievedHidden":[],"nTotal":709,"nAchieved":1}}],["achievementmap",{"version":5,"data":"[]"}],["usernews",{"version":5,"data":[]}],["gameactivity",{"version":5,"data":[]}],["associations",{"version":2,"data":{"rgDevelopers":[{"strName":"Kunos Simulazioni","strURL":"https://store.steampowered.com/developer/505Games"}],"rgPublishers":[{"strName":"Kunos Simulazioni","strURL":"https://store.steampowered.com/publisher/505Games"}],"rgFranchises":[{"strName":"Assetto Corsa","strURL":"https://store.steampowered.com/franchise/AssettoCorsa"}]}}],["descriptions",{"version":1,"data":{"strFullDescription":"NEXT GENERATION RACING SIMULATOR\r\nAssetto Corsa features an advanced DirectX 11 graphics engine that recreates an immersive environment, dynamic lighthing and realistic materials and surfaces. The advanced physics engine is being designed to provide a very realistic driving experience, including features and aspects of real cars, never seen on any other racing simulator such as tyre flat spots, heat cycles including graining and blistering, very advanced aerodynamic simulation with active movable aerodynamics parts controlled in real time by telemetry input channels, hybrid systems with kers and energy recovery simulation. Extremely detailed with single player and multiplayer options, exclusive licensed cars reproduced with the best accuracy possible, thanks to the official cooperation of Car Manufacturers.\r\nASSETTO CORSA has been developed at the KUNOS Simulazioni R&amp;D office, located just inside the international racing circuit of Vallelunga, allowing the team to develop the game with the cooperation of real world racing drivers and racing teams.\r\n\r\nLEGENDARY TRACKS\r\nThe circuits have been developed using Laser scan technology, in order to guarantee the highest level of accuracy possible in reproducing real world motor racing environments.\r\nMonza, Silverstone, Imola, Mugello, Spa, Brands Hatch and many more tracks, including the historical reproduction of Monza, that brings again to life the legendary Sopraelevata, the high-speed oval where races were staged until 1961.\r\n\r\nEXCLUSIVE CARS\r\nThe Assetto Corsa physics engine is all new, using practical knowledge acquired from working closely with the elite of motorsport in order to engineer the best possible accuracy of physics and tactility of feeling.\r\nA physics engine like this begs to be used with officially licensed contents: Abarth, Audi, BMW, Classic Team Lotus, Ferrari, KTM, Lamborghini, Lotus cars, McLaren, Mercedes, Scuderia Glickenhaus, Pagani, Porsche, Tatuus and many more!\r\n\r\nHARDWARE COMPATIBILITY\r\nEnjoy ASSETTO CORSA using any kind of game device: keyboard, joypad, joystick, steering wheels including any kind of professional device and the most common motion systems.\r\nASSETTO CORSA is also compatible and ready for Oculus and OpenVR/VIVE, triple monitor view, Track IR and 3D VISION.\r\n\r\nGAMEPLAY &amp; FEATURES\r\nAssetto Corsa includes a career mode, a list of special and unique events and challenges, as well as a fully customizable, single player and multiplayer modes featuring quick races, custom championships, race weekends including free practice session, qualifying session and race. Drag races, drift challenges and much more! Four driving assist profiles (gamer, racer, pro, plus a fully-customizable profile) allow any kind of player to enjoy the simulation at their desired level.\r\nAdvanced setup options and telemetry for data analysis; dynamic simulation of the tyre rubber deposited on track, depending on the car laps; an adjustable time of the day mode, featuring sun position calculated in realtime, depending by geographical coordinates of the track and by the sun curve according to time and date, in order to get the same light conditions of the real tracks!\r\n\r\nMODDING &amp; CUSTOMIZATION\r\nAssetto Corsa will allow for considerable customisation and modification, in order to satisfy the expectations of professional simracers, gamers who prefer to approach the driving experience more progressively, and hobbyists who just like to reproduce and share their cars and tracks, taking advantage of the same editing tools developed and used by the developers of the game.\r\n\r\n[h2]Available content:[/h2]\r\n\r\n[b]CARS[/b]\r\n\r\nPRODUCTION\r\n- Abarth 595 EsseEsse (3 variants)\r\n- Abarth 500 EsseEsse (2 variants)\r\n- Alfa Romeo 33 Stradale\r\n- Alfa Romeo Giulia Quadrifoglio\r\n- Alfa Romeo Giulietta QV\r\n- Alfa Romeo Giulietta QV Launch Edition\r\n- Alfa Romeo MiTo QV\r\n- Audi Sport Quattro (2 variants)\r\n- Audi S1\r\n- Bmw 1M (2 variants)\r\n- Lamborghini Miura S.V.\r\n- Lotus Elise SC (3 variants)\r\n- Maserati Alfieri\r\n- Maserati Quattroporte GTS\r\n- Maserati Levante S\r\n- Mazda MX-5 NA\r\n- Porsche Panamera G2\r\n- Porsche Cayenne Turbo S\r\n- Porsche Macan Turbo\r\n- Shelby Cobra\r\n- RUF CTR Yellowbird\r\n- Toyota GT-86\r\n- Ford Mustang 2015\r\n- Chevrolet Corvette C7 Stingray\r\n\r\nGT\r\n- Bmw M3 E30 Evo (3 variants)\r\n- Bmw M3 E30 Group A\r\n- Bmw M3 E30 DTM\r\n- Bmw M3 E92 (3 variants)\r\n- Bmw Z4 E89 (3 variants)\r\n- Lotus Evora GTC\r\n- Lotus Evora GX\r\n\r\nGTR\r\n- McLaren MP4-12c GT3\r\n- Bmw Z4 GT3\r\n- Bmw M3 GT2\r\n- Ferrari 458 GT2\r\n- P4/5 Competizione\r\n- Mercedes SLS GT3\r\n\r\nCLASSIC GP\r\n- Classic Team Lotus Type 49\r\n- Classic Team Lotus 98T\r\n- Ferrari 312T\r\n\r\nRALLY\r\n- Audi Sport Quattro S1 E2\r\n\r\nENDURANCE\r\n- Mazda 787B\r\n\r\nSUPERCAR\r\n- Audi R8 Plus\r\n- Ferrari LaFerrari\r\n- Ferrari 458 Italia (2 variants)\r\n- Ferrari F40 (2 variants)\r\n- Ferrari 599xx\r\n- Lamborghini Huracán Performante\r\n- Lamborghini Sesto Elemento\r\n- McLaren Mp4 12c \r\n- Mercedes SLS AMG\r\n- Nissan GTR NISMO\r\n- Pagani Zonda R\r\n- Pagani Huayra\r\n- Pagani Huayra BC\r\n- Lotus Evora S (2 variants)\r\n- Lotus Exige S Roadster \r\n- Lotus Exige Scura\r\n- Lotus 2 Eleven GT4\r\n\r\nTRACKDAY\r\n- KTM X-Bow R\r\n- Lotus 2 Eleven\r\n- Lotus Evora GTE\r\n- Lotus Evora GTE Carbon\r\n- Lotus Exige 240R (2 variants)\r\n- Lotus Exige V6 Cup\r\n\r\nOPEN WHEEL\r\n- Tatuus FA-01\r\n- Lotus Exos T125 (2 variants)\r\n\r\n[b]TRACKS[/b]\r\n- Laguna Seca\r\n- Magione - &quot;Autodromo dell'Umbria&quot;\r\n- Imola - &quot;Autodromo Enzo e Dino Ferrari&quot;\r\n- Mugello - &quot;Autodromo Internazionale del Mugello&quot;\r\n- Silverstone - GP\r\n- Silverstone - International\r\n- Silverstone - National\r\n- Silverstone 1967\r\n- Monza - &quot;Autodromo di Monza&quot;\r\n- Monza - &quot;Classic 60's Edition&quot; (3 variants)\r\n- Nurburgring - GP\r\n- Nurburgring - Sprint\r\n- Spa Francorchamps\r\n- Vallelunga - &quot;Autodromo Piero Taruffi&quot;\r\n- Vallelunga - Circuito Club\r\n- Zandvoort\r\n- Trento - Bondone Hillclimb\r\n- Drift Track\r\n- Drag strip\r\n- Black Cat County (fantasy track)\r\n- Highlands (fantasy track)\r\n\r\n[b]SHOWROOMS[/b]\r\n- Standard showroom\r\n- The Beach\r\n- Hangar\r\n- Industrial\r\n- Sunset\r\n\r\n[b]GAME MODES[/b]\r\n- Free Practice\r\n- Racing against AI\r\n- Career\r\n- Custom championship\r\n- Online Multiplayer\r\n- HotLap \r\n- Time Attack\r\n- Special Events\r\n- Drift\r\n- Drag race\r\n\r\n[b]FEATURES[/b]\r\n- In game telemetry and apps\r\n- Advanced car setup management\r\n- Flags \r\n- Penalties\r\n\r\n[b]APPS LIST[/b]\r\n- Basic info\r\n- Chat app\r\n- Tyre app\r\n- Real time app\r\n- Help\r\n- Lap time\r\n- Pit stop presets\r\n- Friends Leaderboard \r\n- Camera On Board Customization\r\n- Time of the day display\r\n- Input monitor\r\n- Time performance indicator\r\n- Gear/rpm indicator\r\n- Track map\r\n- Rankings\r\n- G-meter indicator","strSnippet":"Assetto Corsa v1.16 introduces the new \"Laguna Seca\" laser-scanned track, 7 new cars among which the eagerly awaited Alfa Romeo Giulia Quadrifoglio! Check the changelog for further info!"}}]]