[["achievements",{"version":2,"data":{"vecHighlight":[],"vecUnachieved":[],"vecAchievedHidden":[],"nTotal":0,"nAchieved":0}}],["achievementmap",{"version":5,"data":"[[2567870,[[\"UNDERWORLD_ACHIEVEMENT\",{\"strName\":\"Underworld\",\"strDescription\":\"Reach The Underworld\",\"strImage\":\"https://cdn.steamstatic.com/steamcommunity/public/images/apps/2567870/f9ab8106ce261ab0b4d13b27740faebea23979f5.jpg\",\"flAchieved\":93.80000305175781,\"strID\":\"UNDERWORLD_ACHIEVEMENT\"}],[\"HELLCLIFFS_ACHIEVEMENT\",{\"strName\":\"Hell Cliffs\",\"strDescription\":\"Reach The Hell Cliffs\",\"strImage\":\"https://cdn.steamstatic.com/steamcommunity/public/images/apps/2567870/de9baf38f8068e79853189c0e13d6081608a5a51.jpg\",\"flAchieved\":86.5,\"strID\":\"HELLCLIFFS_ACHIEVEMENT\"}]]]]"}],["usernews",{"version":5,"data":["CAMQjcj6vgYZy8ENBgEAEAEhAAAAAAAAAAApAAAAAAAAAAAwn6U4aL7dnAE=","CAMQ4sf6vgYZGz3HBwEAEAEhAAAAAAAAAAApAAAAAAAAAAAwn6U4aL7dnAE=","CB4Q0t/6vgYZy8ENBgEAEAEhAAAAAAAAAAApvi4nAAAAAAA=","CB4Qx9/6vgYZGz3HBwEAEAEhAAAAAAAAAAApvi4nAAAAAAA=","CAIQguP6vgYZy8ENBgEAEAEhAAAAAAAAAAApvi4nAAAAAABCFlVOREVSV09STERfQUNISUVWRU1FTlRCFkhFTExDTElGRlNfQUNISUVWRU1FTlQ=","CAIQguP6vgYZGz3HBwEAEAEhAAAAAAAAAAApvi4nAAAAAABCFlVOREVSV09STERfQUNISUVWRU1FTlRCFkhFTExDTElGRlNfQUNISUVWRU1FTlQ="]}],["gameactivity",{"version":5,"data":[]}],["workshop_trendy_items",{"version":2}],["associations",{"version":2,"data":{"rgDevelopers":[{"strName":"Anegar Games","strURL":null}],"rgPublishers":[{"strName":"Anegar Games","strURL":null}],"rgFranchises":[]}}],["descriptions",{"version":1,"data":{"strFullDescription":"[h2][b]Dive into the epic adventure of &quot;Chained Together&quot;[/b][/h2]\r\nBegin your journey in the depths of hell, chained to your companions. Your mission is to escape hell by climbing as high as possible.\r\nEach jump requires perfect coordination to scale the platforms and escape the scorching heat. Traverse a multitude of worlds, each offering unique challenges.\r\n\r\n[img]https://shared.akamai.steamstatic.com/store_item_assets/steam/apps/2567870/extras/giphy.gif?t=1732288374[/img]\r\n\r\n[h2]Diverse Worlds to Explore[/h2]\r\nEach world introduces new challenges.\r\n\r\n[h2]Solo or Multiplayer Mode[/h2]\r\nWhether you're going it alone or teaming up with friends locally, the game adapts to fit the number of players, supporting local multiplayer for up to 4 players.\r\n\r\n[h2]Realistic Chain Physics[/h2]\r\nThe chain is not just a visual element. It is governed by a physics simulation that allows it to wrap around platforms.\r\n\r\n[h2]3 Game Modes[/h2]\r\nThe game features several difficulty modes: Beginner, Normal, and Lava mode.\r\n\r\n[list]\r\n[*]Beginner: An option in the pause menu allows you to teleport back to the highest point you reached before a significant fall.\r\n[*]Normal: No specific help, you fall in case of failure and must start over.\r\n[*]Lava: You must climb quickly before the lava engulfs you.\r\n[/list]\r\n[i]The leaderboard and Steam achievements are only valid in Normal and Lava modes.[/i]\r\n\r\n[h2]Leaderboards[/h2]\r\nTrack your escape speeds with leaderboards that compare completion times across different player configurations.\r\n\r\n[img]https://shared.akamai.steamstatic.com/store_item_assets/steam/apps/2567870/extras/23.gif?t=1732288374[/img]\r\n\r\nWhether [b]solo[/b] or in [b]cooperation with up to 4 players in multiplayer mode[/b], each step brings you closer to the summit!\r\n\r\n[img]https://shared.akamai.steamstatic.com/store_item_assets/steam/apps/2567870/extras/Follow.gif?t=1732288374[/img]","strSnippet":"From the depths of hell, climb chained to your friends through diverse worlds. Solo or co-op, try to reach the summit and discover what awaits you there..."}}]]