[["achievements",{"version":2,"data":{"vecHighlight":[{"strID":"ACHGO4","strName":"The Doomsday Scenario","strDescription":"GTA Online: You completed Act III of The Doomsday Heist as Leader or Crew.","bAchieved":true,"rtUnlocked":1516422872,"strImage":"https://cdn.steamstatic.com/steamcommunity/public/images/apps/271590/303adf2e59a679077939db56e48e3c987f8480c4.jpg","bHidden":true,"flMinProgress":0,"flCurrentProgress":0,"flMaxProgress":0,"flAchieved":12},{"strID":"ACHGO5","strName":"A World Worth Saving","strDescription":"GTA Online: You completed The Doomsday Heist as Leader or Crew.","bAchieved":true,"rtUnlocked":1516422864,"strImage":"https://cdn.steamstatic.com/steamcommunity/public/images/apps/271590/11253835d87882171207aac013fcf183e02d3a34.jpg","bHidden":true,"flMinProgress":0,"flCurrentProgress":0,"flMaxProgress":0,"flAchieved":9.899999618530273},{"strID":"ACHGO3","strName":"The Bogdan Problem","strDescription":"GTA Online: You completed Act II of The Doomsday Heist as Leader or Crew.","bAchieved":true,"rtUnlocked":1515869773,"strImage":"https://cdn.steamstatic.com/steamcommunity/public/images/apps/271590/f9fdfdc7fb3a70085028eb0ba69307f505825997.jpg","bHidden":true,"flMinProgress":0,"flCurrentProgress":0,"flMaxProgress":0,"flAchieved":14.800000190734863},{"strID":"ACHGO1","strName":"Getting Started","strDescription":"GTA Online: You set up the Doomsday Heist.","bAchieved":true,"rtUnlocked":1515434145,"strImage":"https://cdn.steamstatic.com/steamcommunity/public/images/apps/271590/731452f85ffef7611afc1e4d315a303e972719ed.jpg","bHidden":false,"flMinProgress":0,"flCurrentProgress":0,"flMaxProgress":0,"flAchieved":13.899999618530273},{"strID":"ACHGO2","strName":"The Data Breaches","strDescription":"GTA Online: You completed Act I of The Doomsday Heist as Leader or Crew.","bAchieved":true,"rtUnlocked":1513137136,"strImage":"https://cdn.steamstatic.com/steamcommunity/public/images/apps/271590/cf78bbf1b2fe0336f80a1194eca6265fdffc8b3d.jpg","bHidden":true,"flMinProgress":0,"flCurrentProgress":0,"flMaxProgress":0,"flAchieved":16.600000381469727},{"strID":"ACH04","strName":"To Live or Die in Los Santos","strDescription":"Completed the final mission.","bAchieved":true,"rtUnlocked":1505573640,"strImage":"https://cdn.steamstatic.com/steamcommunity/public/images/apps/271590/b785bc5590edfb7a40292702b1f96e5c4ec8d7fa.jpg","bHidden":true,"flMinProgress":0,"flCurrentProgress":0,"flMaxProgress":0,"flAchieved":24},{"strID":"ACH05","strName":"Diamond Hard","strDescription":"You cleaned out Vangelico to pay back Martin Madrazo.","bAchieved":true,"rtUnlocked":1505573640,"strImage":"https://cdn.steamstatic.com/steamcommunity/public/images/apps/271590/f3bbb0111add48a93dc0ba03b3fe863ecae5dfc6.jpg","bHidden":true,"flMinProgress":0,"flCurrentProgress":0,"flMaxProgress":0,"flAchieved":42.099998474121094},{"strID":"ACH06","strName":"Subversive","strDescription":"You stole an experimental super weapon from Merryweather... and gave it back.","bAchieved":true,"rtUnlocked":1505573640,"strImage":"https://cdn.steamstatic.com/steamcommunity/public/images/apps/271590/a9e0377d0560512f8b51bfd496b6b166c7527c4d.jpg","bHidden":true,"flMinProgress":0,"flCurrentProgress":0,"flMaxProgress":0,"flAchieved":31.899999618530273},{"strID":"ACH42","strName":"Blitzed","strDescription":"You performed a classic blitz play.","bAchieved":true,"rtUnlocked":1505573640,"strImage":"https://cdn.steamstatic.com/steamcommunity/public/images/apps/271590/d64b576aadce4af019a652caf950a5d36f548e3e.jpg","bHidden":true,"flMinProgress":0,"flCurrentProgress":0,"flMaxProgress":0,"flAchieved":30.700000762939453},{"strID":"ACH14","strName":"Multi-Disciplined","strDescription":"Attain a gold medal in all applicable hobbies and pastimes.","bAchieved":true,"rtUnlocked":1505573640,"strImage":"https://cdn.steamstatic.com/steamcommunity/public/images/apps/271590/01bff94c98380e158d0175075127b03e0c9bf7ac.jpg","bHidden":false,"flMinProgress":0,"flCurrentProgress":6,"flMaxProgress":6,"flAchieved":11},{"strID":"ACH08","strName":"The Government Gimps","strDescription":"You recovered sensitive information from a highly defended federal building.","bAchieved":true,"rtUnlocked":1505573640,"strImage":"https://cdn.steamstatic.com/steamcommunity/public/images/apps/271590/45de6fb89cc1a8c009bccdec10744c33380b481c.jpg","bHidden":true,"flMinProgress":0,"flCurrentProgress":0,"flMaxProgress":0,"flAchieved":25},{"strID":"ACH09","strName":"The Big One!","strDescription":"This ain't no dream no more.","bAchieved":true,"rtUnlocked":1505573640,"strImage":"https://cdn.steamstatic.com/steamcommunity/public/images/apps/271590/7590f7261b3e7ab12d61f1438a0236606f9735df.jpg","bHidden":true,"flMinProgress":0,"flCurrentProgress":0,"flMaxProgress":0,"flAchieved":22.899999618530273}],"vecUnachieved":[{"strID":"ACHR4","strName":"First Time Director","strDescription":"Enter Director Mode for the first time as an unlocked actor.","strImage":"https://cdn.steamstatic.com/steamcommunity/public/images/apps/271590/5b60c8eef2738e9c7829cf4eef00d9748b68ddbe.jpg","bAchieved":false,"rtUnlocked":0,"flAchieved":13.100000381469727,"flMinProgress":0,"flCurrentProgress":0,"flMaxProgress":0},{"strID":"ACHGO6","strName":"Orbital Obliteration","strDescription":"GTA Online: You killed another player with the Orbital Cannon.","strImage":"https://cdn.steamstatic.com/steamcommunity/public/images/apps/271590/6bffdfe83f02e8862cc116958a943adeeaf247aa.jpg","bAchieved":false,"rtUnlocked":0,"flAchieved":8.899999618530273,"flMinProgress":0,"flCurrentProgress":0,"flMaxProgress":0},{"strID":"ACHR9","strName":"Method Actor","strDescription":"Enter Director Mode using any of your own GTA Online characters.","strImage":"https://cdn.steamstatic.com/steamcommunity/public/images/apps/271590/e0cee5b0a1d7208c53c132543d59554a2dd48da6.jpg","bAchieved":false,"rtUnlocked":0,"flAchieved":6.5,"flMinProgress":0,"flCurrentProgress":0,"flMaxProgress":0},{"strID":"ACHR5","strName":"Animal Lover","strDescription":"Enter Director Mode as an unlocked animal actor for the first time.","strImage":"https://cdn.steamstatic.com/steamcommunity/public/images/apps/271590/fc7a27e55dfaa177fbcf2e8d791d96bf9f361c60.jpg","bAchieved":false,"rtUnlocked":0,"flAchieved":4.5,"flMinProgress":0,"flCurrentProgress":0,"flMaxProgress":0},{"strID":"ACHR6","strName":"Ensemble Piece","strDescription":"Unlock all Story Characters and enter Director Mode as an actor from this category.","strImage":"https://cdn.steamstatic.com/steamcommunity/public/images/apps/271590/e8a31a783d8d978699300872f340cbf7e8eac132.jpg","bAchieved":false,"rtUnlocked":0,"flAchieved":4.199999809265137,"flMinProgress":0,"flCurrentProgress":0,"flMaxProgress":0},{"strID":"ACHH11","strName":"Vinewood Visionary","strDescription":"Create and export a video using the Rockstar Editor or enter Director Mode 5 times.","strImage":"https://cdn.steamstatic.com/steamcommunity/public/images/apps/271590/1c5f245855d6f5ae2e83fde22a9287c41ec791fa.jpg","bAchieved":false,"rtUnlocked":0,"flAchieved":4.099999904632568,"flMinProgress":0,"flCurrentProgress":0,"flMaxProgress":0},{"strID":"ACHR7","strName":"Cult Movie","strDescription":"Enter Director Mode as Cris Formage.","strImage":"https://cdn.steamstatic.com/steamcommunity/public/images/apps/271590/4e72ef5c3d7ac8fcd6be074235942d4635b0d540.jpg","bAchieved":false,"rtUnlocked":0,"flAchieved":4,"flMinProgress":0,"flCurrentProgress":0,"flMaxProgress":0},{"strID":"ACHR8","strName":"Location Scout","strDescription":"Visit all Locations in Director Mode.","strImage":"https://cdn.steamstatic.com/steamcommunity/public/images/apps/271590/79b3f7f770d3b41e8a18de85c32e69a967f59889.jpg","bAchieved":false,"rtUnlocked":0,"flAchieved":4,"flMinProgress":0,"flCurrentProgress":0,"flMaxProgress":0},{"strID":"ACHR2","strName":"Majestic","strDescription":"Create and export 10 videos using the Rockstar Editor or enter Director Mode 10 times.","strImage":"https://cdn.steamstatic.com/steamcommunity/public/images/apps/271590/165383ef81b94c2c7504e575f3269efd008d6322.jpg","bAchieved":false,"rtUnlocked":0,"flAchieved":3.9000000953674316,"flMinProgress":0,"flCurrentProgress":0,"flMaxProgress":10},{"strID":"ACHR3","strName":"Humans of Los Santos","strDescription":"Unlock all Special Characters and entered Director Mode as an actor from this category.","strImage":"https://cdn.steamstatic.com/steamcommunity/public/images/apps/271590/42bb58a43f2ebdb0852c55cde430a5d1841fb9e9.jpg","bAchieved":false,"rtUnlocked":0,"flAchieved":3.9000000953674316,"flMinProgress":0,"flCurrentProgress":0,"flMaxProgress":0},{"strID":"ACHGO7","strName":"Elitist","strDescription":"GTA Online: You completed all 3 Elite Challenges in The Doomsday Heist.","strImage":"https://cdn.steamstatic.com/steamcommunity/public/images/apps/271590/383db594e55add24639eceaab4df49e376dc5636.jpg","bAchieved":false,"rtUnlocked":0,"flAchieved":3.700000047683716,"flMinProgress":0,"flCurrentProgress":0,"flMaxProgress":0},{"strID":"ACHGO8","strName":"Masterminds","strDescription":"GTA Online: You completed all 3 Criminal Mastermind Challenges in The Doomsday Heist.","strImage":"https://cdn.steamstatic.com/steamcommunity/public/images/apps/271590/153df09e41c6c2b9ddf86028f79f7eaee1ea76c2.jpg","bAchieved":false,"rtUnlocked":0,"flAchieved":3.700000047683716,"flMinProgress":0,"flCurrentProgress":0,"flMaxProgress":0}],"vecAchievedHidden":[{"strID":"ACH00","strName":"Welcome to Los Santos","strDescription":"You repo'd a car and raced it through the heart of a sun-soaked metropolis.","strImage":"https://cdn.steamstatic.com/steamcommunity/public/images/apps/271590/348a8015272416e2587965c493877b822fb2bcd1.jpg","bAchieved":true,"rtUnlocked":1474687985,"flAchieved":0},{"strID":"ACH01","strName":"A Friendship Resurrected","strDescription":"With friends like this who needs enemies?","strImage":"https://cdn.steamstatic.com/steamcommunity/public/images/apps/271590/7424038d40678f398eab78553f71d9832d778ff6.jpg","bAchieved":true,"rtUnlocked":1505573640,"flAchieved":0},{"strID":"ACH02","strName":"A Fair Day's Pay","strDescription":"It's time for a little getaway.","strImage":"https://cdn.steamstatic.com/steamcommunity/public/images/apps/271590/4ba73dc8669d5e7090c3efa5b677f34f262049d9.jpg","bAchieved":true,"rtUnlocked":1505573640,"flAchieved":0},{"strID":"ACH03","strName":"The Moment of Truth","strDescription":"You have uncovered the truth about Brad.","strImage":"https://cdn.steamstatic.com/steamcommunity/public/images/apps/271590/3e96f06594bde75643c502a8f3c82907b07ac594.jpg","bAchieved":true,"rtUnlocked":1505573640,"flAchieved":0},{"strID":"ACH04","strName":"To Live or Die in Los Santos","strDescription":"Completed the final mission.","strImage":"https://cdn.steamstatic.com/steamcommunity/public/images/apps/271590/b785bc5590edfb7a40292702b1f96e5c4ec8d7fa.jpg","bAchieved":true,"rtUnlocked":1505573640,"flAchieved":0},{"strID":"ACH05","strName":"Diamond Hard","strDescription":"You cleaned out Vangelico to pay back Martin Madrazo.","strImage":"https://cdn.steamstatic.com/steamcommunity/public/images/apps/271590/f3bbb0111add48a93dc0ba03b3fe863ecae5dfc6.jpg","bAchieved":true,"rtUnlocked":1505573640,"flAchieved":0},{"strID":"ACH06","strName":"Subversive","strDescription":"You stole an experimental super weapon from Merryweather... and gave it back.","strImage":"https://cdn.steamstatic.com/steamcommunity/public/images/apps/271590/a9e0377d0560512f8b51bfd496b6b166c7527c4d.jpg","bAchieved":true,"rtUnlocked":1505573640,"flAchieved":0},{"strID":"ACH07","strName":"Small Town, Big Job","strDescription":"You made a big impression at the Paleto Bay Chicken Festival.","strImage":"https://cdn.steamstatic.com/steamcommunity/public/images/apps/271590/7e3f09a716dcd0aa4b6f811a6d748cad37dfd738.jpg","bAchieved":true,"rtUnlocked":1505573640,"flAchieved":0},{"strID":"ACH08","strName":"The Government Gimps","strDescription":"You recovered sensitive information from a highly defended federal building.","strImage":"https://cdn.steamstatic.com/steamcommunity/public/images/apps/271590/45de6fb89cc1a8c009bccdec10744c33380b481c.jpg","bAchieved":true,"rtUnlocked":1505573640,"flAchieved":0},{"strID":"ACH09","strName":"The Big One!","strDescription":"This ain't no dream no more.","strImage":"https://cdn.steamstatic.com/steamcommunity/public/images/apps/271590/7590f7261b3e7ab12d61f1438a0236606f9735df.jpg","bAchieved":true,"rtUnlocked":1505573640,"flAchieved":0},{"strID":"ACH42","strName":"Blitzed","strDescription":"You performed a classic blitz play.","strImage":"https://cdn.steamstatic.com/steamcommunity/public/images/apps/271590/d64b576aadce4af019a652caf950a5d36f548e3e.jpg","bAchieved":true,"rtUnlocked":1505573640,"flAchieved":0},{"strID":"ACHGO2","strName":"The Data Breaches","strDescription":"GTA Online: You completed Act I of The Doomsday Heist as Leader or Crew.","strImage":"https://cdn.steamstatic.com/steamcommunity/public/images/apps/271590/cf78bbf1b2fe0336f80a1194eca6265fdffc8b3d.jpg","bAchieved":true,"rtUnlocked":1513137136,"flAchieved":0},{"strID":"ACHGO3","strName":"The Bogdan Problem","strDescription":"GTA Online: You completed Act II of The Doomsday Heist as Leader or Crew.","strImage":"https://cdn.steamstatic.com/steamcommunity/public/images/apps/271590/f9fdfdc7fb3a70085028eb0ba69307f505825997.jpg","bAchieved":true,"rtUnlocked":1515869773,"flAchieved":0},{"strID":"ACHGO4","strName":"The Doomsday Scenario","strDescription":"GTA Online: You completed Act III of The Doomsday Heist as Leader or Crew.","strImage":"https://cdn.steamstatic.com/steamcommunity/public/images/apps/271590/303adf2e59a679077939db56e48e3c987f8480c4.jpg","bAchieved":true,"rtUnlocked":1516422872,"flAchieved":0},{"strID":"ACHGO5","strName":"A World Worth Saving","strDescription":"GTA Online: You completed The Doomsday Heist as Leader or Crew.","strImage":"https://cdn.steamstatic.com/steamcommunity/public/images/apps/271590/11253835d87882171207aac013fcf183e02d3a34.jpg","bAchieved":true,"rtUnlocked":1516422864,"flAchieved":0},{"strID":"ACHH1","strName":"Be Prepared","strDescription":"GTA Online: Complete a Heist Setup mission.","strImage":"https://cdn.steamstatic.com/steamcommunity/public/images/apps/271590/3cbdd1df8fa8e0d6722dc7d169ab1d5226e1b06a.jpg","bAchieved":true,"rtUnlocked":1491672698,"flAchieved":0},{"strID":"ACHH2","strName":"In the Name of Science","strDescription":"GTA Online: Complete The Humane Labs Raid and Series A Funding as Heist Leader or Crew.","strImage":"https://cdn.steamstatic.com/steamcommunity/public/images/apps/271590/b4f299906c51ac23f4435fd79a0838f5a8da2de9.jpg","bAchieved":true,"rtUnlocked":1492014579,"flAchieved":0},{"strID":"ACHH3","strName":"Dead Presidents","strDescription":"GTA Online: Complete The Fleeca Job and The Pacific Standard Job as Heist Leader or Crew.","strImage":"https://cdn.steamstatic.com/steamcommunity/public/images/apps/271590/86563b454d24b90b8ad90d504600e2b380b41fb3.jpg","bAchieved":true,"rtUnlocked":1492110567,"flAchieved":0},{"strID":"ACHH4","strName":"Parole Day","strDescription":"GTA Online: Complete The Prison Break as Heist Leader or Crew.","strImage":"https://cdn.steamstatic.com/steamcommunity/public/images/apps/271590/08cecf54a1e7b0083f5ac85f3191319de848eb94.jpg","bAchieved":true,"rtUnlocked":1491812130,"flAchieved":0}],"nTotal":77,"nAchieved":64}}],["achievementmap",{"version":5,"data":"[]"}],["usernews",{"version":5,"data":["COoHEIThrbEGGcrDXQAAAHABIeGix18BABABKeYkBAAAAAAAUdyI/owdRQo6YIThrbEGcIThrbEG","COoHELCSibEGGcrDXQAAAHABIeGix18BABABKeYkBAAAAAAAUZA3GfCJRDo6YO/6ibEGcLCSibEG","COoHEIja37AGGcrDXQAAAHABIeGix18BABABKeYkBAAAAAAAUeHBckv2Q2Y6YIja37AGcIja37AG","COoHEMWnwLAGGcrDXQAAAHABIeGix18BABABKeYkBAAAAAAAUSQ7445iQwY6YMWnwLAGcMWnwLAG","COoHEOGmlrAGGcrDXQAAAHABIeGix18BABABKeYkBAAAAAAAUUIUHRTPQlI6YOGmlrAGcOGmlrAG","COoHEMbN9a8GGcrDXQAAAHABIeGix18BABABKeYkBAAAAAAAUTc63D47QnI5YOO/9q8GcMbN9a8G","COoHEOnY0K8GGcrDXQAAAHABIeGix18BABABKeYkBAAAAAAAUfHmkoa9QaJkYPKY0a8GcOnY0K8G","COoHEMbbvK8GGcrDXQAAAHABIeGix18BABABKeYkBAAAAAAAUQ1Iqc0UQSY5YMn6vK8GcMbbvK8G","COoHEPKxvK8GGcrDXQAAAHABIeGix18BABABKeYkBAAAAAAAUbDups0UQSY5YMLXvK8GcPKxvK8G","COoHEOKIh68GGcrDXQAAAHABIeGix18BABABKeYkBAAAAAAAUYmsWoeBQJY5YOKIh68GcOKIh68G"]}],["gameactivity",{"version":5,"data":[]}],["socialmedia",{"version":3,"data":[]}],["associations",{"version":2,"data":{"rgDevelopers":[{"strName":"Rockstar North","strURL":"https://store.steampowered.com/developer/rockstargames"}],"rgPublishers":[{"strName":"Rockstar Games","strURL":"https://store.steampowered.com/publisher/rockstargames"}],"rgFranchises":[{"strName":"Grand Theft Auto","strURL":"https://store.steampowered.com/curator/36291848"}]}}],["descriptions",{"version":1,"data":{"strFullDescription":"When a young street hustler, a retired bank robber and a terrifying psychopath find themselves entangled with some of the most frightening and deranged elements of the criminal underworld, the U.S. government and the entertainment industry, they must pull off a series of dangerous heists to survive in a ruthless city in which they can trust nobody, least of all each other.\r\n \r\nGrand Theft Auto V for PC offers players the option to explore the award-winning world of Los Santos and Blaine County in resolutions of up to 4k and beyond, as well as the chance to experience the game running at 60 frames per second. \r\n \r\nThe game offers players a huge range of PC-specific customization options, including over 25 separate configurable settings for texture quality, shaders, tessellation, anti-aliasing and more, as well as support and extensive customization for mouse and keyboard controls. Additional options include a population density slider to control car and pedestrian traffic, as well as dual and triple monitor support, 3D compatibility, and plug-and-play controller support.  \r\n \r\nGrand Theft Auto V for PC also includes Grand Theft Auto Online, with support for 30 players and two spectators. Grand Theft Auto Online for PC will include all existing gameplay upgrades and Rockstar-created content released since the launch of Grand Theft Auto Online, including Heists and Adversary modes.\r\n \r\nThe PC version of Grand Theft Auto V and Grand Theft Auto Online features First Person Mode, giving players the chance to explore the incredibly detailed world of Los Santos and Blaine County in an entirely new way.\r\n \r\nGrand Theft Auto V for PC also brings the debut of the Rockstar Editor, a powerful suite of creative tools to quickly and easily capture, edit and share game footage from within Grand Theft Auto V and Grand Theft Auto Online. The Rockstar Editor’s Director Mode allows players the ability to stage their own scenes using prominent story characters, pedestrians, and even animals to bring their vision to life. Along with advanced camera manipulation and editing effects including fast and slow motion, and an array of camera filters, players can add their own music using songs from GTAV radio stations, or dynamically control the intensity of the game’s score. Completed videos can be uploaded directly from the Rockstar Editor to YouTube and the Rockstar Games Social Club for easy sharing.  \r\n \r\nSoundtrack artists The Alchemist and Oh No return as hosts of the new radio station, The Lab FM. The station features new and exclusive music from the production duo based on and inspired by the game’s original soundtrack. Collaborating guest artists include Earl Sweatshirt, Freddie Gibbs, Little Dragon, Killer Mike, Sam Herring from Future Islands, and more. Players can also discover Los Santos and Blaine County while enjoying their own music through Self Radio, a new radio station that will host player-created custom soundtracks.\r\n\r\nSpecial access content requires Rockstar Games Social Club account. Visit [url]rockstargames.com/v/bonuscontent[/url] for details.","strSnippet":"Grand Theft Auto V for PC offers players the option to explore the award-winning world of Los Santos and Blaine County in resolutions of up to 4k and beyond, as well as the chance to experience the game running at 60 frames per second."}}]]