[["achievements",{"version":2,"data":{"vecHighlight":[],"vecUnachieved":[{"strID":"Click1","strName":"Click 1 time","strDescription":"Just 1 click","strImage":"https://cdn.steamstatic.com/steamcommunity/public/images/apps/2977660/6a6eb3749ec38e6b25215410b3d89eac2d364eec.jpg","bAchieved":false,"rtUnlocked":0,"flAchieved":25.700000762939453,"flMinProgress":0,"flCurrentProgress":0,"flMaxProgress":1},{"strID":"Click1000","strName":"Click 1000 time","strDescription":"That's a lot!","strImage":"https://cdn.steamstatic.com/steamcommunity/public/images/apps/2977660/6a6eb3749ec38e6b25215410b3d89eac2d364eec.jpg","bAchieved":false,"rtUnlocked":0,"flAchieved":17,"flMinProgress":0,"flCurrentProgress":0,"flMaxProgress":1000}],"vecAchievedHidden":[],"nTotal":2,"nAchieved":0}}]]