[["achievements",{"version":2,"data":{"vecHighlight":[{"strID":"allneedy","strName":"Multitasker","strDescription":"Defuse all bombs in the \"Needy\" section.","bAchieved":true,"rtUnlocked":1734775562,"strImage":"https://cdn.steamstatic.com/steamcommunity/public/images/apps/341800/45ae972ab2ff3b4095baf41c37249d76f0f3cfee.jpg","bHidden":false,"flMinProgress":0,"flCurrentProgress":4,"flMaxProgress":4,"flAchieved":12.399999618530273},{"strID":"100modulesdisarmed","strName":"Trust the Expert","strDescription":"Disarm 100 modules.","bAchieved":true,"rtUnlocked":1734775254,"strImage":"https://cdn.steamstatic.com/steamcommunity/public/images/apps/341800/caf8018445790ca17db05567cece506991f6147e.jpg","bHidden":false,"flMinProgress":0,"flCurrentProgress":105,"flMaxProgress":100,"flAchieved":26.5},{"strID":"allmoderate","strName":"All in Moderation","strDescription":"Defuse all bombs in the \"Moderate\" section.","bAchieved":true,"rtUnlocked":1734769884,"strImage":"https://cdn.steamstatic.com/steamcommunity/public/images/apps/341800/e52091f8d5f53260889c35673efafd6de3f4e8a0.jpg","bHidden":false,"flMinProgress":0,"flCurrentProgress":7,"flMaxProgress":7,"flAchieved":19.399999618530273},{"strID":"disarmeachmodule","strName":"Experience is the Best Teacher","strDescription":"Disarm each type of module at least once.","bAchieved":true,"rtUnlocked":1734768307,"strImage":"https://cdn.steamstatic.com/steamcommunity/public/images/apps/341800/ac0f40573c5b9c833664dab13cef430fe9abbe02.jpg","bHidden":false,"flMinProgress":0,"flCurrentProgress":11,"flMaxProgress":11,"flAchieved":30.299999237060547},{"strID":"allthebasics","strName":"Bomb Defusing 101","strDescription":"Defuse all bombs in \"The Basics\" section.","bAchieved":true,"rtUnlocked":1734763655,"strImage":"https://cdn.steamstatic.com/steamcommunity/public/images/apps/341800/9b23b4a518a2fe60a29ba4ad64217e3c05450a81.jpg","bHidden":false,"flMinProgress":0,"flCurrentProgress":4,"flMaxProgress":4,"flAchieved":55.599998474121094},{"strID":"firstbomb","strName":"Action Hero","strDescription":"Defuse \"The First Bomb\".","bAchieved":true,"rtUnlocked":1734761753,"strImage":"https://cdn.steamstatic.com/steamcommunity/public/images/apps/341800/6d5da645f8b57eecd4deae1535aa8d0db9c872fd.jpg","bHidden":false,"flMinProgress":0,"flCurrentProgress":0,"flMaxProgress":0,"flAchieved":87.80000305175781}],"vecUnachieved":[{"strID":"allchallenging","strName":"Challenge Accepted","strDescription":"Defuse all bombs in the \"Challenging\" section.","strImage":"https://cdn.steamstatic.com/steamcommunity/public/images/apps/341800/5bfddf9254c37becb34c7c9188dcf2daaead1e96.jpg","bAchieved":false,"rtUnlocked":0,"flAchieved":4.400000095367432,"flMinProgress":0,"flCurrentProgress":0,"flMaxProgress":6},{"strID":"allextreme","strName":"To the Extreme!","strDescription":"Defuse all bombs in the \"Extreme\" section.","strImage":"https://cdn.steamstatic.com/steamcommunity/public/images/apps/341800/96238738fe0f00bf57228fb369ed5d73737c171e.jpg","bAchieved":false,"rtUnlocked":0,"flAchieved":1.7000000476837158,"flMinProgress":0,"flCurrentProgress":0,"flMaxProgress":4},{"strID":"100defused","strName":"Bomb Squad","strDescription":"Defuse 100 bombs.","strImage":"https://cdn.steamstatic.com/steamcommunity/public/images/apps/341800/fca9f7acd2418d88d4cc2a9994e4a9345c971cf3.jpg","bAchieved":false,"rtUnlocked":0,"flAchieved":1.100000023841858,"flMinProgress":0,"flCurrentProgress":19,"flMaxProgress":100},{"strID":"allexotic","strName":"Seasoned Traveller","strDescription":"Defuse all bombs in the \"Exotic\" section.","strImage":"https://cdn.steamstatic.com/steamcommunity/public/images/apps/341800/d32ca8af976b70f653a14e97160f6eeb05530ab8.jpg","bAchieved":false,"rtUnlocked":0,"flAchieved":0.8999999761581421,"flMinProgress":0,"flCurrentProgress":0,"flMaxProgress":6}],"vecAchievedHidden":[],"nTotal":10,"nAchieved":6}}]]