[["achievements",{"version":2,"data":{"vecHighlight":[],"vecUnachieved":[{"strID":"completemosaic1","strName":"Pebbles Complete ","strDescription":"Complete Mosaic: Pebbles","strImage":"https://cdn.steamstatic.com/steamcommunity/public/images/apps/359340/feb586a709c6d56f600fbac1577298427cd868d9.jpg","bAchieved":false,"rtUnlocked":0,"flAchieved":6.099999904632568,"flMinProgress":0,"flCurrentProgress":0,"flMaxProgress":0},{"strID":"completemosaic2","strName":"Sword Complete","strDescription":"Complete Mosaic: Sword","strImage":"https://cdn.steamstatic.com/steamcommunity/public/images/apps/359340/fe99de08c4f684688a7c940d160899988892bb94.jpg","bAchieved":false,"rtUnlocked":0,"flAchieved":5.800000190734863,"flMinProgress":0,"flCurrentProgress":0,"flMaxProgress":0},{"strID":"completemosaic3","strName":"Cabin Complete","strDescription":"Complete Mosaic: Cabin","strImage":"https://cdn.steamstatic.com/steamcommunity/public/images/apps/359340/e4057b34fcf21bbe6a08ebf6520edb105ebf2636.jpg","bAchieved":false,"rtUnlocked":0,"flAchieved":5.699999809265137,"flMinProgress":0,"flCurrentProgress":0,"flMaxProgress":0},{"strID":"completemosaic5","strName":"Gas Mask Complete","strDescription":"Complete Mosaic: Gas Mask","strImage":"https://cdn.steamstatic.com/steamcommunity/public/images/apps/359340/86c1084058ff1639b64b66f50a2b1d03c800c145.jpg","bAchieved":false,"rtUnlocked":0,"flAchieved":5.5,"flMinProgress":0,"flCurrentProgress":0,"flMaxProgress":0},{"strID":"completemosaic7","strName":"Orca Complete","strDescription":"Complete Mosaic: Orca","strImage":"https://cdn.steamstatic.com/steamcommunity/public/images/apps/359340/0f91739d3957e493f1d9129da7ea5a1508886d72.jpg","bAchieved":false,"rtUnlocked":0,"flAchieved":5.400000095367432,"flMinProgress":0,"flCurrentProgress":0,"flMaxProgress":0},{"strID":"completemosaic12","strName":"Burger Complete","strDescription":"Complete Mosaic: Burger","strImage":"https://cdn.steamstatic.com/steamcommunity/public/images/apps/359340/57783ffc33a623b544088cbf843c29d65feac1dd.jpg","bAchieved":false,"rtUnlocked":0,"flAchieved":5.199999809265137,"flMinProgress":0,"flCurrentProgress":0,"flMaxProgress":0},{"strID":"completemosaic4","strName":"Rose Complete","strDescription":"Complete Mosaic: Rose","strImage":"https://cdn.steamstatic.com/steamcommunity/public/images/apps/359340/1223b249a5d5e0aeeea2eb1cb4a26ed6f4d2296d.jpg","bAchieved":false,"rtUnlocked":0,"flAchieved":5.199999809265137,"flMinProgress":0,"flCurrentProgress":0,"flMaxProgress":0},{"strID":"completemosaic10","strName":"Conkers Complete","strDescription":"Complete Mosaic: Conkers","strImage":"https://cdn.steamstatic.com/steamcommunity/public/images/apps/359340/b7afb407c170296e8642a59e752d675773f71eed.jpg","bAchieved":false,"rtUnlocked":0,"flAchieved":5.099999904632568,"flMinProgress":0,"flCurrentProgress":0,"flMaxProgress":0},{"strID":"completemosaic9","strName":"Roulette Complete","strDescription":"Complete Mosaic: Roulette","strImage":"https://cdn.steamstatic.com/steamcommunity/public/images/apps/359340/7316f24ea54aeab6dfc401e38387523a4e33a103.jpg","bAchieved":false,"rtUnlocked":0,"flAchieved":5.099999904632568,"flMinProgress":0,"flCurrentProgress":0,"flMaxProgress":0},{"strID":"completemosaic6","strName":"Tiger Complete","strDescription":"Complete Mosaic: Tiger","strImage":"https://cdn.steamstatic.com/steamcommunity/public/images/apps/359340/28e07a3ab41e1777a3cb5429a23e1f21e399d3b5.jpg","bAchieved":false,"rtUnlocked":0,"flAchieved":5.099999904632568,"flMinProgress":0,"flCurrentProgress":0,"flMaxProgress":0},{"strID":"completemosaic8","strName":"Pasta Complete","strDescription":"Complete Mosaic: Pasta","strImage":"https://cdn.steamstatic.com/steamcommunity/public/images/apps/359340/6b241106e56e75a09ea1d53009f4e55625fe0386.jpg","bAchieved":false,"rtUnlocked":0,"flAchieved":5.099999904632568,"flMinProgress":0,"flCurrentProgress":0,"flMaxProgress":0},{"strID":"completemosaic13","strName":"Urban Decay Complete","strDescription":"Complete Mosaic: Urban Decay","strImage":"https://cdn.steamstatic.com/steamcommunity/public/images/apps/359340/3c0a9a64ea32cc62b29f5da4cad1b27f3f8efa00.jpg","bAchieved":false,"rtUnlocked":0,"flAchieved":5,"flMinProgress":0,"flCurrentProgress":0,"flMaxProgress":0}],"vecAchievedHidden":[],"nTotal":34,"nAchieved":0}}]]