[["achievements",{"version":2,"data":{"vecHighlight":[{"strID":"Achievement_4","strName":"Biggest Badass In The Borderlands","strDescription":"Reach level 50.","bAchieved":true,"rtUnlocked":1745141788,"strImage":"https://cdn.steamstatic.com/steamcommunity/public/images/apps/397540/5448028b896d9a4360e0abc6471e6aac00ca4502.jpg","bHidden":false,"flMinProgress":1,"flCurrentProgress":50,"flMaxProgress":50,"flAchieved":28.5},{"strID":"Achievement_21","strName":"À La Carte","strDescription":"Complete 20 Side Missions.","bAchieved":true,"rtUnlocked":1745083361,"strImage":"https://cdn.steamstatic.com/steamcommunity/public/images/apps/397540/a9746b6ab1402b5f6ef502d5dacb18cb1122641c.jpg","bHidden":false,"flMinProgress":0,"flCurrentProgress":20,"flMaxProgress":20,"flAchieved":31.200000762939453},{"strID":"Achievement_6","strName":"Mechani-Cool","strDescription":"Unlock 10 Vehicle Parts via hijacking.","bAchieved":true,"rtUnlocked":1745081429,"strImage":"https://cdn.steamstatic.com/steamcommunity/public/images/apps/397540/688f13ba3d86a1b67fc3c03f34030f8150923ea1.jpg","bHidden":false,"flMinProgress":0,"flCurrentProgress":10,"flMaxProgress":10,"flAchieved":27.399999618530273},{"strID":"Achievement_7","strName":"Tips Appreciated","strDescription":"Tip Moxxi.","bAchieved":true,"rtUnlocked":1744542162,"strImage":"https://cdn.steamstatic.com/steamcommunity/public/images/apps/397540/4fa2f74efaef0c7541e2f8d9830b226f64b502e8.jpg","bHidden":false,"flMinProgress":0,"flCurrentProgress":1,"flMaxProgress":1,"flAchieved":28},{"strID":"Achievement_41","strName":"Bye, Felicia!","strDescription":"Complete mission “Divine Retribution”.","bAchieved":true,"rtUnlocked":1744467108,"strImage":"https://cdn.steamstatic.com/steamcommunity/public/images/apps/397540/952d5e58d19ca2f1780fe011456d410f429fb4b7.jpg","bHidden":true,"flMinProgress":0,"flCurrentProgress":1,"flMaxProgress":1,"flAchieved":36},{"strID":"Achievement_40","strName":"I Am A Goddess, A Glorious Female Warrior","strDescription":"Complete mission “In the Shadow of Starlight”.","bAchieved":true,"rtUnlocked":1744465934,"strImage":"https://cdn.steamstatic.com/steamcommunity/public/images/apps/397540/9c8b7a0d223d3dad59d0f03930f43646dcdc4f1c.jpg","bHidden":true,"flMinProgress":0,"flCurrentProgress":1,"flMaxProgress":1,"flAchieved":36.5},{"strID":"Achievement_14","strName":"Tales From The Eridian Slab","strDescription":"Decipher all of the Eridian Slabs.","bAchieved":true,"rtUnlocked":1744464920,"strImage":"https://cdn.steamstatic.com/steamcommunity/public/images/apps/397540/b99eef0fbed070279d89e3c4358bd3cd83c84559.jpg","bHidden":false,"flMinProgress":0,"flCurrentProgress":1,"flMaxProgress":1,"flAchieved":23.799999237060547},{"strID":"Achievement_44","strName":"Damn, Gina","strDescription":"Get all Vault Rewards.","bAchieved":true,"rtUnlocked":1744463710,"strImage":"https://cdn.steamstatic.com/steamcommunity/public/images/apps/397540/b240a30e93e20ac89a6662dda5693ab6d05ad8e5.jpg","bHidden":true,"flMinProgress":0,"flCurrentProgress":1,"flMaxProgress":1,"flAchieved":36.599998474121094},{"strID":"Achievement_42","strName":"Florida Man","strDescription":"Down yourself by grenade or explosion.","bAchieved":true,"rtUnlocked":1744458330,"strImage":"https://cdn.steamstatic.com/steamcommunity/public/images/apps/397540/ef5e5994a5f289c27fc5d2e8ee88cdfcaca80fff.jpg","bHidden":true,"flMinProgress":0,"flCurrentProgress":1,"flMaxProgress":1,"flAchieved":59.29999923706055},{"strID":"Achievement_39","strName":"Apocalypso!","strDescription":"Complete mission “The Great Vault”.","bAchieved":true,"rtUnlocked":1744454645,"strImage":"https://cdn.steamstatic.com/steamcommunity/public/images/apps/397540/a0a5679f54b702b82a0a2d81d1826eae66016042.jpg","bHidden":true,"flMinProgress":0,"flCurrentProgress":1,"flMaxProgress":1,"flAchieved":37.79999923706055},{"strID":"Achievement_38","strName":"Cross The Streamers","strDescription":"Complete mission “Blood Drive”.","bAchieved":true,"rtUnlocked":1744447888,"strImage":"https://cdn.steamstatic.com/steamcommunity/public/images/apps/397540/544966677904670c1e3f008eff07c445468b88b3.jpg","bHidden":true,"flMinProgress":0,"flCurrentProgress":1,"flMaxProgress":1,"flAchieved":39.5},{"strID":"Achievement_29","strName":"On Fleek","strDescription":"Equip purple-rated gear or better in every slot.","bAchieved":true,"rtUnlocked":1744446579,"strImage":"https://cdn.steamstatic.com/steamcommunity/public/images/apps/397540/aaab8116d5605e85b3fad8d9a302f0df06a5c560.jpg","bHidden":false,"flMinProgress":0,"flCurrentProgress":1,"flMaxProgress":1,"flAchieved":36.79999923706055}],"vecUnachieved":[{"strID":"Achievement_27","strName":"Feelin' A Little Stabby","strDescription":"Kill an enemy, knifing them with a gun blade.","strImage":"https://cdn.steamstatic.com/steamcommunity/public/images/apps/397540/eff29d6310bb9a7a4e3a675ebbf9d8c6fbc4b712.jpg","bAchieved":false,"rtUnlocked":0,"flAchieved":59.20000076293945,"flMinProgress":0,"flCurrentProgress":0,"flMaxProgress":1},{"strID":"Achievement_11","strName":"Dropping Loads","strDescription":"Win a live grenade at a Slot Machine.","strImage":"https://cdn.steamstatic.com/steamcommunity/public/images/apps/397540/e8ac760e1347f6e20b8051605ce04a0530f9178b.jpg","bAchieved":false,"rtUnlocked":0,"flAchieved":42.599998474121094,"flMinProgress":0,"flCurrentProgress":0,"flMaxProgress":1},{"strID":"Achievement_8","strName":"I Hope You Didn't Tea-bag","strDescription":"Win a duel.","strImage":"https://cdn.steamstatic.com/steamcommunity/public/images/apps/397540/3b3c35db1b5a6c8862a088dce3ec010f3244831b.jpg","bAchieved":false,"rtUnlocked":0,"flAchieved":23.299999237060547,"flMinProgress":0,"flCurrentProgress":0,"flMaxProgress":1},{"strID":"Achievement_46","strName":"A Proper Hand-Off","strDescription":"Complete mission “All Bets Off”.","strImage":"https://cdn.steamstatic.com/steamcommunity/public/images/apps/397540/0a6d2afdb607b9504dde99a47ca4578154c6cd03.jpg","bAchieved":false,"rtUnlocked":0,"flAchieved":16.899999618530273,"flMinProgress":0,"flCurrentProgress":0,"flMaxProgress":1},{"strID":"Achievement_53_Fixed","strName":"Party's Still On!","strDescription":"Find the party.","strImage":"https://cdn.steamstatic.com/steamcommunity/public/images/apps/397540/058e832ad1384249a29ae195286a1dd4b6adf7b9.jpg","bAchieved":false,"rtUnlocked":0,"flAchieved":16.5,"flMinProgress":0,"flCurrentProgress":0,"flMaxProgress":1},{"strID":"Achievement_13","strName":"My Name Is Earl","strDescription":"Buy 20 cosmetic items from Crazy Earl.","strImage":"https://cdn.steamstatic.com/steamcommunity/public/images/apps/397540/95ee09b774b8916f7a10d6c8b963737c574184da.jpg","bAchieved":false,"rtUnlocked":0,"flAchieved":15.5,"flMinProgress":0,"flCurrentProgress":0,"flMaxProgress":20},{"strID":"Achievement_55_Fixed","strName":"Older Than The Trees","strDescription":"Kill the Wendigo.","strImage":"https://cdn.steamstatic.com/steamcommunity/public/images/apps/397540/658cb05464ccedd4079d2c1e34f3397a3e8429e6.jpg","bAchieved":false,"rtUnlocked":0,"flAchieved":14.300000190734863,"flMinProgress":0,"flCurrentProgress":0,"flMaxProgress":1},{"strID":"Achievement_54_Fixed","strName":"Love Is The Fifth Dimension","strDescription":"Marry your friends.","strImage":"https://cdn.steamstatic.com/steamcommunity/public/images/apps/397540/ae3c6dae49e8037e3fc3a93d6dd33d64c808cc59.jpg","bAchieved":false,"rtUnlocked":0,"flAchieved":13.399999618530273,"flMinProgress":0,"flCurrentProgress":0,"flMaxProgress":1},{"strID":"Achievement_49","strName":"Scovillain","strDescription":"Destroy all of Mr. Torgue's hot sauces.","strImage":"https://cdn.steamstatic.com/steamcommunity/public/images/apps/397540/ebc728464772d53b39bbb196d64847cc518f6f96.jpg","bAchieved":false,"rtUnlocked":0,"flAchieved":10.399999618530273,"flMinProgress":0,"flCurrentProgress":0,"flMaxProgress":5},{"strID":"ACHIEVEMENT_76","strName":"In the Eye of a Murdercane","strDescription":"Win a round of Arms Race.","strImage":"https://cdn.steamstatic.com/steamcommunity/public/images/apps/397540/a7bdb06e682acb5e2e51d846910629ab49c44ad8.jpg","bAchieved":false,"rtUnlocked":0,"flAchieved":10.100000381469727,"flMinProgress":0,"flCurrentProgress":0,"flMaxProgress":1},{"strID":"Achievement_50","strName":"Shoe Money Tonight","strDescription":"Get a 21 in the blackjack minigame.","strImage":"https://cdn.steamstatic.com/steamcommunity/public/images/apps/397540/71b97979caadd38353a558b0616d813a1eb25bd0.jpg","bAchieved":false,"rtUnlocked":0,"flAchieved":10.100000381469727,"flMinProgress":0,"flCurrentProgress":0,"flMaxProgress":1},{"strID":"Achievement_51","strName":"Don't Be A Stranger","strDescription":"Return for a chat with the Clapstructor.","strImage":"https://cdn.steamstatic.com/steamcommunity/public/images/apps/397540/a7317f0fbb7ae39d2e1eb0567a32b89449349f57.jpg","bAchieved":false,"rtUnlocked":0,"flAchieved":10.100000381469727,"flMinProgress":0,"flCurrentProgress":0,"flMaxProgress":1}],"vecAchievedHidden":[{"strID":"Achievement_31","strName":"Welcome To The Crimson Raiders","strDescription":"Complete mission “Children of the Vault”.","strImage":"https://cdn.steamstatic.com/steamcommunity/public/images/apps/397540/17f5329016d2413b4529fa59691a5401aaa7d9d4.jpg","bAchieved":true,"rtUnlocked":1742701449,"flAchieved":0},{"strID":"Achievement_32","strName":"So Long, Pandora!","strDescription":"Complete mission “Taking Flight”.","strImage":"https://cdn.steamstatic.com/steamcommunity/public/images/apps/397540/fcabd1404abdae1e2e4f9f4dc15c502d7ce35a5f.jpg","bAchieved":true,"rtUnlocked":1743256638,"flAchieved":0},{"strID":"Achievement_33","strName":"NOG It Off","strDescription":"Complete mission “Hostile Takeover”.","strImage":"https://cdn.steamstatic.com/steamcommunity/public/images/apps/397540/8f1e01ec1ad1f3c7fed94e085b5af9bf200c1e6d.jpg","bAchieved":true,"rtUnlocked":1743310229,"flAchieved":0},{"strID":"Achievement_34","strName":"I Mustache You A Question","strDescription":"Complete mission “Atlas, At Last”.","strImage":"https://cdn.steamstatic.com/steamcommunity/public/images/apps/397540/bf2005db5bfaf9ad639ad86d63052fbdb1d82323.jpg","bAchieved":true,"rtUnlocked":1743328151,"flAchieved":0},{"strID":"Achievement_35","strName":"Gone From My Sight","strDescription":"Complete mission “Beneath the Meridian”.","strImage":"https://cdn.steamstatic.com/steamcommunity/public/images/apps/397540/599c554eafc2132609461040eb55aac633dd3b1a.jpg","bAchieved":true,"rtUnlocked":1743911037,"flAchieved":0},{"strID":"Achievement_36","strName":"That Was Cold","strDescription":"Complete mission “Lair of the Harpy”.","strImage":"https://cdn.steamstatic.com/steamcommunity/public/images/apps/397540/aef1624b2c8d613853bb0450fa19ba9c73f3f579.jpg","bAchieved":true,"rtUnlocked":1743922347,"flAchieved":0},{"strID":"Achievement_37","strName":"Heir To An Empty Castle","strDescription":"Complete mission “Cold as the Grave”.","strImage":"https://cdn.steamstatic.com/steamcommunity/public/images/apps/397540/ae5fc1985199f7af045634d1c9f19fcb8f439a4e.jpg","bAchieved":true,"rtUnlocked":1744441536,"flAchieved":0},{"strID":"Achievement_38","strName":"Cross The Streamers","strDescription":"Complete mission “Blood Drive”.","strImage":"https://cdn.steamstatic.com/steamcommunity/public/images/apps/397540/544966677904670c1e3f008eff07c445468b88b3.jpg","bAchieved":true,"rtUnlocked":1744447888,"flAchieved":0},{"strID":"Achievement_39","strName":"Apocalypso!","strDescription":"Complete mission “The Great Vault”.","strImage":"https://cdn.steamstatic.com/steamcommunity/public/images/apps/397540/a0a5679f54b702b82a0a2d81d1826eae66016042.jpg","bAchieved":true,"rtUnlocked":1744454645,"flAchieved":0},{"strID":"Achievement_40","strName":"I Am A Goddess, A Glorious Female Warrior","strDescription":"Complete mission “In the Shadow of Starlight”.","strImage":"https://cdn.steamstatic.com/steamcommunity/public/images/apps/397540/9c8b7a0d223d3dad59d0f03930f43646dcdc4f1c.jpg","bAchieved":true,"rtUnlocked":1744465934,"flAchieved":0},{"strID":"Achievement_41","strName":"Bye, Felicia!","strDescription":"Complete mission “Divine Retribution”.","strImage":"https://cdn.steamstatic.com/steamcommunity/public/images/apps/397540/952d5e58d19ca2f1780fe011456d410f429fb4b7.jpg","bAchieved":true,"rtUnlocked":1744467108,"flAchieved":0},{"strID":"Achievement_42","strName":"Florida Man","strDescription":"Down yourself by grenade or explosion.","strImage":"https://cdn.steamstatic.com/steamcommunity/public/images/apps/397540/ef5e5994a5f289c27fc5d2e8ee88cdfcaca80fff.jpg","bAchieved":true,"rtUnlocked":1744458330,"flAchieved":0},{"strID":"Achievement_43","strName":"Stay Golden","strDescription":"Use a Golden Key.","strImage":"https://cdn.steamstatic.com/steamcommunity/public/images/apps/397540/f9c426c01b6fed8184ad35ef8baf170914c8f1c3.jpg","bAchieved":true,"rtUnlocked":1743308622,"flAchieved":0},{"strID":"Achievement_44","strName":"Damn, Gina","strDescription":"Get all Vault Rewards.","strImage":"https://cdn.steamstatic.com/steamcommunity/public/images/apps/397540/b240a30e93e20ac89a6662dda5693ab6d05ad8e5.jpg","bAchieved":true,"rtUnlocked":1744463710,"flAchieved":0}],"nTotal":81,"nAchieved":27}}]]