[["achievements",{"version":2,"data":{"vecHighlight":[],"vecUnachieved":[{"strID":"GOAL_ID_1228","strName":"Untouched","strDescription":"Win a match where the enemy team scored no points.","strImage":"https://cdn.steamstatic.com/steamcommunity/public/images/apps/444090/7274c95efe91ae9ae4741769911597193ab1a37f.jpg","bAchieved":false,"rtUnlocked":0,"flAchieved":69.69999694824219,"flMinProgress":0,"flCurrentProgress":0,"flMaxProgress":0},{"strID":"GOAL_ID_1340","strName":"Counter-Air Defense","strDescription":"Kill a player in the air who is over 100 units above the ground.","strImage":"https://cdn.steamstatic.com/steamcommunity/public/images/apps/444090/326f6443ed3d9368dc1379239d8971f961968902.jpg","bAchieved":false,"rtUnlocked":0,"flAchieved":63.599998474121094,"flMinProgress":0,"flCurrentProgress":0,"flMaxProgress":0},{"strID":"GOAL_ID_1255","strName":"Not Like This","strDescription":"Kill an enemy player while you are at or below 50 Health.","strImage":"https://cdn.steamstatic.com/steamcommunity/public/images/apps/444090/a6d417298ac2320c3f05f1755a537ebb0d402422.jpg","bAchieved":false,"rtUnlocked":0,"flAchieved":58.20000076293945,"flMinProgress":0,"flCurrentProgress":0,"flMaxProgress":0},{"strID":"GOAL_ID_1246","strName":"Well Trained","strDescription":"Complete the Paladins Tutorial.","strImage":"https://cdn.steamstatic.com/steamcommunity/public/images/apps/444090/2b97ff5cd046838b96779f13729804b827c0a191.jpg","bAchieved":false,"rtUnlocked":0,"flAchieved":52.099998474121094,"flMinProgress":0,"flCurrentProgress":0,"flMaxProgress":0},{"strID":"GOAL_ID_1222","strName":"Teamed Up Bronze","strDescription":"Play a match while in a party.","strImage":"https://cdn.steamstatic.com/steamcommunity/public/images/apps/444090/d9a4dd1dc296897d8511b4547fcbab2b0b88bfb4.jpg","bAchieved":false,"rtUnlocked":0,"flAchieved":49.79999923706055,"flMinProgress":0,"flCurrentProgress":0,"flMaxProgress":0},{"strID":"GOAL_ID_1201","strName":"Champion Mastery I","strDescription":"1 Champion at Mastery 5.","strImage":"https://cdn.steamstatic.com/steamcommunity/public/images/apps/444090/cdc3a9f604e054542a74eb4ceca82728248ca024.jpg","bAchieved":false,"rtUnlocked":0,"flAchieved":45.400001525878906,"flMinProgress":0,"flCurrentProgress":0,"flMaxProgress":0},{"strID":"GOAL_ID_1200","strName":"Double Kills Bronze","strDescription":"10 Double Kills.","strImage":"https://cdn.steamstatic.com/steamcommunity/public/images/apps/444090/0f084011e1b5eec863566ac5b04831c1993b9f36.jpg","bAchieved":false,"rtUnlocked":0,"flAchieved":44.099998474121094,"flMinProgress":0,"flCurrentProgress":0,"flMaxProgress":0},{"strID":"GOAL_ID_1257","strName":"I Like Big Numbers","strDescription":"Deal more than 100,000 damage during a match.","strImage":"https://cdn.steamstatic.com/steamcommunity/public/images/apps/444090/d66011d89b077d4b2567b7f9d4c79a8e7ddf621e.jpg","bAchieved":false,"rtUnlocked":0,"flAchieved":41.70000076293945,"flMinProgress":0,"flCurrentProgress":0,"flMaxProgress":0},{"strID":"GOAL_ID_1252","strName":"Send Off","strDescription":"Kill a player with an environmental hazard.","strImage":"https://cdn.steamstatic.com/steamcommunity/public/images/apps/444090/6090a1d7f3d0e7572b0348623541209abdca206e.jpg","bAchieved":false,"rtUnlocked":0,"flAchieved":41.599998474121094,"flMinProgress":0,"flCurrentProgress":0,"flMaxProgress":0},{"strID":"GOAL_ID_1250","strName":"Give 110 Percent","strDescription":"Get a killing blow after the round has ended.","strImage":"https://cdn.steamstatic.com/steamcommunity/public/images/apps/444090/8f6fd6d5208328b5f3244b780a57bfb506daea83.jpg","bAchieved":false,"rtUnlocked":0,"flAchieved":41.5,"flMinProgress":0,"flCurrentProgress":0,"flMaxProgress":0},{"strID":"GOAL_ID_1251","strName":"Gone Spelunking","strDescription":"Die to an environmental hazard.","strImage":"https://cdn.steamstatic.com/steamcommunity/public/images/apps/444090/27b368d32fdb6a24a1fbb5936293d41ea5c47df9.jpg","bAchieved":false,"rtUnlocked":0,"flAchieved":41.29999923706055,"flMinProgress":0,"flCurrentProgress":0,"flMaxProgress":0},{"strID":"GOAL_ID_1216","strName":"Boom Headshot","strDescription":"Land 5 headshots in a row without missing.","strImage":"https://cdn.steamstatic.com/steamcommunity/public/images/apps/444090/4466309019ee4626ea6c4b3c0fbc84950daefac1.jpg","bAchieved":false,"rtUnlocked":0,"flAchieved":39.20000076293945,"flMinProgress":0,"flCurrentProgress":0,"flMaxProgress":0}],"vecAchievedHidden":[],"nTotal":58,"nAchieved":0}}]]