[["achievements",{"version":2,"data":{"vecHighlight":[],"vecUnachieved":[{"strID":"ACH_59","strName":"Die Together","strDescription":"Fail an expedition for the first time","strImage":"https://cdn.steamstatic.com/steamcommunity/public/images/apps/493520/5eac07924801e5ee35d8cde75c23ad2334e6f159.jpg","bAchieved":false,"rtUnlocked":0,"flAchieved":23.799999237060547,"flMinProgress":0,"flCurrentProgress":0,"flMaxProgress":0},{"strID":"ACH_1","strName":"Bare Minimum","strDescription":"Complete a Main Sector","strImage":"https://cdn.steamstatic.com/steamcommunity/public/images/apps/493520/5eac07924801e5ee35d8cde75c23ad2334e6f159.jpg","bAchieved":false,"rtUnlocked":0,"flAchieved":23.600000381469727,"flMinProgress":0,"flCurrentProgress":0,"flMaxProgress":0},{"strID":"ACH_15","strName":"Prisoner Deemed Fit","strDescription":"Complete the Tutorial","strImage":"https://cdn.steamstatic.com/steamcommunity/public/images/apps/493520/5eac07924801e5ee35d8cde75c23ad2334e6f159.jpg","bAchieved":false,"rtUnlocked":0,"flAchieved":19.200000762939453,"flMinProgress":0,"flCurrentProgress":0,"flMaxProgress":0},{"strID":"ACH_16","strName":"Invincible","strDescription":"Complete an expedition without getting downed","strImage":"https://cdn.steamstatic.com/steamcommunity/public/images/apps/493520/5eac07924801e5ee35d8cde75c23ad2334e6f159.jpg","bAchieved":false,"rtUnlocked":0,"flAchieved":15.5,"flMinProgress":0,"flCurrentProgress":0,"flMaxProgress":0},{"strID":"ACH_17","strName":"Chemically Improved","strDescription":"Complete an expedition with at least one Booster activated","strImage":"https://cdn.steamstatic.com/steamcommunity/public/images/apps/493520/5eac07924801e5ee35d8cde75c23ad2334e6f159.jpg","bAchieved":false,"rtUnlocked":0,"flAchieved":11.600000381469727,"flMinProgress":0,"flCurrentProgress":0,"flMaxProgress":0},{"strID":"ACH_25","strName":"Predator","strDescription":"Kill a Scout with a melee attack without it detecting you","strImage":"https://cdn.steamstatic.com/steamcommunity/public/images/apps/493520/5eac07924801e5ee35d8cde75c23ad2334e6f159.jpg","bAchieved":false,"rtUnlocked":0,"flAchieved":6.800000190734863,"flMinProgress":0,"flCurrentProgress":0,"flMaxProgress":0},{"strID":"ACH_24","strName":"Unbroken","strDescription":"Survive a class V or higher alarm without anyone taking any damage","strImage":"https://cdn.steamstatic.com/steamcommunity/public/images/apps/493520/5eac07924801e5ee35d8cde75c23ad2334e6f159.jpg","bAchieved":false,"rtUnlocked":0,"flAchieved":3.799999952316284,"flMinProgress":0,"flCurrentProgress":0,"flMaxProgress":0},{"strID":"ACH_42","strName":"Work Together","strDescription":"Complete an expedition with four player without anyone getting downed","strImage":"https://cdn.steamstatic.com/steamcommunity/public/images/apps/493520/5eac07924801e5ee35d8cde75c23ad2334e6f159.jpg","bAchieved":false,"rtUnlocked":0,"flAchieved":3.700000047683716,"flMinProgress":0,"flCurrentProgress":0,"flMaxProgress":0},{"strID":"ACH_4","strName":"Deviation","strDescription":"Complete all Main Sectors in ALT://R1","strImage":"https://cdn.steamstatic.com/steamcommunity/public/images/apps/493520/5eac07924801e5ee35d8cde75c23ad2334e6f159.jpg","bAchieved":false,"rtUnlocked":0,"flAchieved":3.5,"flMinProgress":0,"flCurrentProgress":0,"flMaxProgress":0},{"strID":"ACH_2","strName":"Indirect Course","strDescription":"Complete a Secondary Sector","strImage":"https://cdn.steamstatic.com/steamcommunity/public/images/apps/493520/5eac07924801e5ee35d8cde75c23ad2334e6f159.jpg","bAchieved":false,"rtUnlocked":0,"flAchieved":2.5,"flMinProgress":0,"flCurrentProgress":0,"flMaxProgress":0},{"strID":"ACH_32","strName":"Breathing Room","strDescription":"Complete any D-tier expedition without any doors being broken","strImage":"https://cdn.steamstatic.com/steamcommunity/public/images/apps/493520/5eac07924801e5ee35d8cde75c23ad2334e6f159.jpg","bAchieved":false,"rtUnlocked":0,"flAchieved":1.899999976158142,"flMinProgress":0,"flCurrentProgress":0,"flMaxProgress":0},{"strID":"ACH_28","strName":"Full Blooded","strDescription":"Kill a Giant by yourself using only melee weapons","strImage":"https://cdn.steamstatic.com/steamcommunity/public/images/apps/493520/5eac07924801e5ee35d8cde75c23ad2334e6f159.jpg","bAchieved":false,"rtUnlocked":0,"flAchieved":1.2999999523162842,"flMinProgress":0,"flCurrentProgress":0,"flMaxProgress":0}],"vecAchievedHidden":[],"nTotal":57,"nAchieved":0}}]]