[["achievements",{"version":2,"data":{"vecHighlight":[],"vecUnachieved":[{"strID":"PCH044","strName":"Junior Naval Designer","strDescription":"Research a new ship.","strImage":"https://cdn.steamstatic.com/steamcommunity/public/images/apps/552990/297742dbbfc1cec7d1e0a2923e8344ed6b3b67d3.jpg","bAchieved":false,"rtUnlocked":0,"flAchieved":49.900001525878906,"flMinProgress":0,"flCurrentProgress":0,"flMaxProgress":0},{"strID":"PCH031","strName":"Initial Capital","strDescription":"Earn 100 000 credits in battles.","strImage":"https://cdn.steamstatic.com/steamcommunity/public/images/apps/552990/c8b8ad8167dc3876263bf0b8bb8735b31c8dc80c.jpg","bAchieved":false,"rtUnlocked":0,"flAchieved":42.900001525878906,"flMinProgress":0,"flCurrentProgress":0,"flMaxProgress":100000},{"strID":"PCH032","strName":"Moneybags","strDescription":"Earn 1 000 000 credits in battles.","strImage":"https://cdn.steamstatic.com/steamcommunity/public/images/apps/552990/e91dd4e1778dba023b08acca5de5d326f49cf4ad.jpg","bAchieved":false,"rtUnlocked":0,"flAchieved":27.700000762939453,"flMinProgress":0,"flCurrentProgress":0,"flMaxProgress":1000000},{"strID":"PCH064","strName":"Junior Supply Officer","strDescription":"Open 10 containers.","strImage":"https://cdn.steamstatic.com/steamcommunity/public/images/apps/552990/b6c7f4110c744f68e5b479fc882dddbadfaf0b3e.jpg","bAchieved":false,"rtUnlocked":0,"flAchieved":25.399999618530273,"flMinProgress":0,"flCurrentProgress":0,"flMaxProgress":10},{"strID":"PCH034","strName":"Naval Warfare. Arson","strDescription":"Destroy an enemy ship by setting her on fire.","strImage":"https://cdn.steamstatic.com/steamcommunity/public/images/apps/552990/85030f5e85ecd17a43a762f947029d741fa592a4.jpg","bAchieved":false,"rtUnlocked":0,"flAchieved":24.399999618530273,"flMinProgress":0,"flCurrentProgress":0,"flMaxProgress":0},{"strID":"PCH038","strName":"Naval Warfare. Tactics","strDescription":"Capture a Key Area or the enemy base.","strImage":"https://cdn.steamstatic.com/steamcommunity/public/images/apps/552990/91b1bdbb0fcb2b21ad7ddf23ded4819dd1215cec.jpg","bAchieved":false,"rtUnlocked":0,"flAchieved":22.100000381469727,"flMinProgress":0,"flCurrentProgress":0,"flMaxProgress":0},{"strID":"PCH028","strName":"Amateur","strDescription":"Win 10 Random Battles.","strImage":"https://cdn.steamstatic.com/steamcommunity/public/images/apps/552990/b11125d6a7c950dc88931ac9713b9357319ebbb0.jpg","bAchieved":false,"rtUnlocked":0,"flAchieved":21.600000381469727,"flMinProgress":0,"flCurrentProgress":0,"flMaxProgress":10},{"strID":"PCH036","strName":"Naval Warfare. Ramming","strDescription":"Destroy an enemy ship by ramming.","strImage":"https://cdn.steamstatic.com/steamcommunity/public/images/apps/552990/f27945148f80d88a483f25c67af7e5c95b7f3532.jpg","bAchieved":false,"rtUnlocked":0,"flAchieved":20,"flMinProgress":0,"flCurrentProgress":0,"flMaxProgress":0},{"strID":"PCH045","strName":"Naval Constructor","strDescription":"Research 10 ships.","strImage":"https://cdn.steamstatic.com/steamcommunity/public/images/apps/552990/a62edb50ae2d274a3dbcc52ccb576963a125b3f0.jpg","bAchieved":false,"rtUnlocked":0,"flAchieved":18.600000381469727,"flMinProgress":0,"flCurrentProgress":0,"flMaxProgress":10},{"strID":"PCH039","strName":"Naval Warfare. Weaponry Basics","strDescription":"Cause 1 000 000 HP of damage to enemy ships.","strImage":"https://cdn.steamstatic.com/steamcommunity/public/images/apps/552990/98ca4a8bdb6d7169b7e82ca863a0e72ce0677f72.jpg","bAchieved":false,"rtUnlocked":0,"flAchieved":16.5,"flMinProgress":0,"flCurrentProgress":0,"flMaxProgress":1000000},{"strID":"PCH037","strName":"Naval Warfare. Lucky Shot","strDescription":"Destroy an enemy ship by causing damage to her magazine, resulting in its detonation.","strImage":"https://cdn.steamstatic.com/steamcommunity/public/images/apps/552990/d6359f4f1aaa0f7c16899f3f1927b0ae1a132c78.jpg","bAchieved":false,"rtUnlocked":0,"flAchieved":15.300000190734863,"flMinProgress":0,"flCurrentProgress":0,"flMaxProgress":0},{"strID":"PCH035","strName":"Naval Warfare. Flooding","strDescription":"Destroy an enemy ship by flooding.","strImage":"https://cdn.steamstatic.com/steamcommunity/public/images/apps/552990/8715d8b8f2704f70b84864a49295f119913d012a.jpg","bAchieved":false,"rtUnlocked":0,"flAchieved":15,"flMinProgress":0,"flCurrentProgress":0,"flMaxProgress":0}],"vecAchievedHidden":[],"nTotal":45,"nAchieved":0}}]]