[["achievements",{"version":2,"data":{"vecHighlight":[{"strID":"ACHIVE014","strName":"Nade King Novice","strDescription":"Kill 10 players with grenades.","bAchieved":true,"rtUnlocked":1544891953,"strImage":"https://cdn.steamstatic.com/steamcommunity/public/images/apps/578080/e9351084d838b82f52d9cce6e70c0a6773ac2034.jpg","bHidden":false,"flMinProgress":0,"flCurrentProgress":12,"flMaxProgress":10,"flAchieved":14.199999809265137},{"strID":"ACHIVE007","strName":"CQB Expert","strDescription":"Kill 50 players with a shotgun, a submachine gun, and/or a pistol.","bAchieved":true,"rtUnlocked":1532960588,"strImage":"https://cdn.steamstatic.com/steamcommunity/public/images/apps/578080/bdcbf863a234b6a52bdfb20040bc4c532ab4228c.jpg","bHidden":false,"flMinProgress":0,"flCurrentProgress":55,"flMaxProgress":50,"flAchieved":17.5},{"strID":"ACHIVE028","strName":"Airborne","strDescription":"Jump out from an airplane 101 times.","bAchieved":true,"rtUnlocked":1524155166,"strImage":"https://cdn.steamstatic.com/steamcommunity/public/images/apps/578080/252410bdf188fceba197a021632bc2ff22e392bf.jpg","bHidden":false,"flMinProgress":0,"flCurrentProgress":211,"flMaxProgress":101,"flAchieved":26.399999618530273},{"strID":"ACHIVE034","strName":"You Complete Me","strDescription":"Wear the outfit of a dead player.","bAchieved":true,"rtUnlocked":1523290567,"strImage":"https://cdn.steamstatic.com/steamcommunity/public/images/apps/578080/e736b97161e2fa32552ef09f283acfed7c545967.jpg","bHidden":false,"flMinProgress":0,"flCurrentProgress":2,"flMaxProgress":1,"flAchieved":47.79999923706055},{"strID":"ACHIVE016","strName":"Collateral Damage","strDescription":"Kill 100 players by any means.","bAchieved":true,"rtUnlocked":1523265414,"strImage":"https://cdn.steamstatic.com/steamcommunity/public/images/apps/578080/1fef99aef6863832e3b93777e0a5b5abd61e3db3.jpg","bHidden":false,"flMinProgress":0,"flCurrentProgress":286,"flMaxProgress":100,"flAchieved":28.5},{"strID":"ACHIVE010","strName":"Marksman Expert","strDescription":"Kill 30 players with an assault rifle and/or a sniper rifle from over 100 meters away.","bAchieved":true,"rtUnlocked":1522609591,"strImage":"https://cdn.steamstatic.com/steamcommunity/public/images/apps/578080/5cea4bf283b54df58af92745012f7dfef8e76030.jpg","bHidden":false,"flMinProgress":0,"flCurrentProgress":83,"flMaxProgress":30,"flAchieved":31.600000381469727},{"strID":"ACHIVE003","strName":"Fantastic Four","strDescription":"Obtain a Chicken Dinner in Squads.","bAchieved":true,"rtUnlocked":1522511452,"strImage":"https://cdn.steamstatic.com/steamcommunity/public/images/apps/578080/0efd6cfce883f01f2b2bbf6979e71b1158e5b8fd.jpg","bHidden":false,"flMinProgress":0,"flCurrentProgress":3,"flMaxProgress":1,"flAchieved":41.70000076293945},{"strID":"ACHIVE002","strName":"Dynamic Duo","strDescription":"Obtain a Chicken Dinner in Duos.","bAchieved":true,"rtUnlocked":1522436596,"strImage":"https://cdn.steamstatic.com/steamcommunity/public/images/apps/578080/fa12ea95807654db1a05ec9ebd9e8ed5a151fff8.jpg","bHidden":false,"flMinProgress":0,"flCurrentProgress":3,"flMaxProgress":1,"flAchieved":21.899999618530273},{"strID":"ACHIVE011","strName":"Marksman Novice","strDescription":"Kill 10 players with an assault rifle and/or a sniper rifle from over 100 meters away.","bAchieved":true,"rtUnlocked":1521951841,"strImage":"https://cdn.steamstatic.com/steamcommunity/public/images/apps/578080/f85aa588293752ca9d505cb98ae9373eb5a25b2b.jpg","bHidden":false,"flMinProgress":0,"flCurrentProgress":83,"flMaxProgress":10,"flAchieved":42.20000076293945},{"strID":"ACHIVE008","strName":"CQB Novice","strDescription":"Kill 10 players with a shotgun, a submachine gun, and/or a pistol.","bAchieved":true,"rtUnlocked":1521863696,"strImage":"https://cdn.steamstatic.com/steamcommunity/public/images/apps/578080/866eef57dcbd674f2b69602eaba7207371176fa7.jpg","bHidden":false,"flMinProgress":0,"flCurrentProgress":55,"flMaxProgress":10,"flAchieved":30.200000762939453},{"strID":"ACHIVE004","strName":"Top 10","strDescription":"Reach the top 10 10 times.","bAchieved":true,"rtUnlocked":1521818670,"strImage":"https://cdn.steamstatic.com/steamcommunity/public/images/apps/578080/fbc11e553fcda52b8f887c00aa11a2c80d0559ab.jpg","bHidden":false,"flMinProgress":0,"flCurrentProgress":94,"flMaxProgress":10,"flAchieved":36},{"strID":"ACHIVE020","strName":"Killing Spree","strDescription":"Kill at least 4 players in a single match.","bAchieved":true,"rtUnlocked":1521300947,"strImage":"https://cdn.steamstatic.com/steamcommunity/public/images/apps/578080/3a0cf87d38da2bb779867cf8bded8ce452528772.jpg","bHidden":false,"flMinProgress":0,"flCurrentProgress":9,"flMaxProgress":1,"flAchieved":50}],"vecUnachieved":[{"strID":"ACHIVE027","strName":"Now You See Me, Now You Don't","strDescription":"Equip a ghillie suit for the first time.","strImage":"https://cdn.steamstatic.com/steamcommunity/public/images/apps/578080/ca1f1278da0d059f363a46657b41df9248c85729.jpg","bAchieved":false,"rtUnlocked":0,"flAchieved":31.600000381469727,"flMinProgress":0,"flCurrentProgress":0,"flMaxProgress":1},{"strID":"ACHIVE023","strName":"First Blood","strDescription":"Get the first kill of a match.","strImage":"https://cdn.steamstatic.com/steamcommunity/public/images/apps/578080/572c622a8ef7e57704b6aaa7a29ec4c7ce60bda4.jpg","bAchieved":false,"rtUnlocked":0,"flAchieved":30.899999618530273,"flMinProgress":0,"flCurrentProgress":0,"flMaxProgress":1},{"strID":"ACHIVE009","strName":"Marksman Master","strDescription":"Kill 100 players with an assault rifle and/or a sniper rifle from over 100 meters away.","strImage":"https://cdn.steamstatic.com/steamcommunity/public/images/apps/578080/6f5820d2cfc202bbddbd3fe11cd1452f7e7f88fa.jpg","bAchieved":false,"rtUnlocked":0,"flAchieved":21.100000381469727,"flMinProgress":0,"flCurrentProgress":84,"flMaxProgress":100},{"strID":"ACHIVE025","strName":"First Come, First Served","strDescription":"Loot 50 items from the carepackage.","strImage":"https://cdn.steamstatic.com/steamcommunity/public/images/apps/578080/c2dfc8d0d770cb484e2ce4fe9e8a5813f6baab8e.jpg","bAchieved":false,"rtUnlocked":0,"flAchieved":19.600000381469727,"flMinProgress":0,"flCurrentProgress":5,"flMaxProgress":50},{"strID":"ACHIVE000","strName":"Last Survivor","strDescription":"Win a game 10 times.","strImage":"https://cdn.steamstatic.com/steamcommunity/public/images/apps/578080/6fe6eb30662d0d10b2a53e3c58aa503bd7b34d02.jpg","bAchieved":false,"rtUnlocked":0,"flAchieved":19.200000762939453,"flMinProgress":0,"flCurrentProgress":6,"flMaxProgress":10},{"strID":"ACHIVE021","strName":"Trigonometry Involved","strDescription":"Headshot and kill 10 enemy players with a sniper rifle.","strImage":"https://cdn.steamstatic.com/steamcommunity/public/images/apps/578080/893a41ff6a2d10aefdae7ddd0bd82f70a6d80f06.jpg","bAchieved":false,"rtUnlocked":0,"flAchieved":19,"flMinProgress":0,"flCurrentProgress":0,"flMaxProgress":10},{"strID":"ACHIVE022","strName":"Okay, Now I'm Ready","strDescription":"Equip a Lv.3 Helmet, Military Vest, and Backpack in 10 matches.","strImage":"https://cdn.steamstatic.com/steamcommunity/public/images/apps/578080/79cf2aa001fb7ac8b64d1a2e77595e2d4dd26805.jpg","bAchieved":false,"rtUnlocked":0,"flAchieved":17.299999237060547,"flMinProgress":0,"flCurrentProgress":2,"flMaxProgress":10},{"strID":"ACHIVE026","strName":"Agent 48","strDescription":"Kill 50 players with suppressed weapons.","strImage":"https://cdn.steamstatic.com/steamcommunity/public/images/apps/578080/6a14ca7bb5cd8b9d6e849b2cf8b0768b0fc5f240.jpg","bAchieved":false,"rtUnlocked":0,"flAchieved":13.800000190734863,"flMinProgress":0,"flCurrentProgress":14,"flMaxProgress":50},{"strID":"ACHIVE001","strName":"Winner Winner Chicken Dinner!","strDescription":"Obtain a Chicken Dinner in Solo.","strImage":"https://cdn.steamstatic.com/steamcommunity/public/images/apps/578080/b6834f1e635ac6e5f4bc85a6f25e1a17ffd97d2b.jpg","bAchieved":false,"rtUnlocked":0,"flAchieved":12.399999618530273,"flMinProgress":0,"flCurrentProgress":0,"flMaxProgress":1},{"strID":"ACHIVE035","strName":"Cruising with the Enemy","strDescription":"Get into a vehicle where an enemy player is already in.","strImage":"https://cdn.steamstatic.com/steamcommunity/public/images/apps/578080/994e78754650952bcee17993ceabd37ed9533480.jpg","bAchieved":false,"rtUnlocked":0,"flAchieved":12.300000190734863,"flMinProgress":0,"flCurrentProgress":0,"flMaxProgress":1},{"strID":"ACHIVE015","strName":"Long and Winding Road","strDescription":"Kill 1000 players by any means.","strImage":"https://cdn.steamstatic.com/steamcommunity/public/images/apps/578080/5c50266cb435a7e546ed9f6a38c8179bac5fae8b.jpg","bAchieved":false,"rtUnlocked":0,"flAchieved":9.899999618530273,"flMinProgress":0,"flCurrentProgress":286,"flMaxProgress":1000},{"strID":"ACHIVE032","strName":"Don't Pan Me Bro!","strDescription":"Kill another player with the frying pan.","strImage":"https://cdn.steamstatic.com/steamcommunity/public/images/apps/578080/573c86a5077b2288cd4326368a6cb461fcc8a095.jpg","bAchieved":false,"rtUnlocked":0,"flAchieved":9,"flMinProgress":0,"flCurrentProgress":0,"flMaxProgress":1}],"vecAchievedHidden":[],"nTotal":37,"nAchieved":17}}],["achievementmap",{"version":5,"data":"[[578080,[[\"ACHIVE028\",{\"strName\":\"Airborne\",\"strDescription\":\"Jump out from an airplane 101 times.\",\"strImage\":\"https://cdn.steamstatic.com/steamcommunity/public/images/apps/578080/252410bdf188fceba197a021632bc2ff22e392bf.jpg\",\"flAchieved\":26.399999618530273,\"strID\":\"ACHIVE028\"}],[\"ACHIVE027\",{\"strName\":\"Now You See Me, Now You Don't\",\"strDescription\":\"Equip a ghillie suit for the first time.\",\"strImage\":\"https://cdn.steamstatic.com/steamcommunity/public/images/apps/578080/695926d869ab87005bbdc860f07c50d6f1dfd1ea.jpg\",\"flAchieved\":31.600000381469727,\"strID\":\"ACHIVE027\"}],[\"ACHIVE011\",{\"strName\":\"Marksman Novice\",\"strDescription\":\"Kill 10 players with an assault rifle and/or a sniper rifle from over 100 meters away.\",\"strImage\":\"https://cdn.steamstatic.com/steamcommunity/public/images/apps/578080/f85aa588293752ca9d505cb98ae9373eb5a25b2b.jpg\",\"flAchieved\":42.20000076293945,\"strID\":\"ACHIVE011\"}],[\"ACHIVE036\",{\"strName\":\"Health Junkie\",\"strDescription\":\"Charge your boost gauge to the max with energy drink and painkiller overdose.\",\"strImage\":\"https://cdn.steamstatic.com/steamcommunity/public/images/apps/578080/b3dcc43eb2b404f201972b863a606947dcb8151e.jpg\",\"flAchieved\":54.599998474121094,\"strID\":\"ACHIVE036\"}],[\"ACHIVE034\",{\"strName\":\"You Complete Me\",\"strDescription\":\"Wear the outfit of a dead player.\",\"strImage\":\"https://cdn.steamstatic.com/steamcommunity/public/images/apps/578080/e736b97161e2fa32552ef09f283acfed7c545967.jpg\",\"flAchieved\":47.79999923706055,\"strID\":\"ACHIVE034\"}],[\"ACHIVE005\",{\"strName\":\"Pacifist\",\"strDescription\":\"Reach the top 10 without killing anyone.\",\"strImage\":\"https://cdn.steamstatic.com/steamcommunity/public/images/apps/578080/b534a3173fe847ae350ea5fb834a76a470702951.jpg\",\"flAchieved\":48.900001525878906,\"strID\":\"ACHIVE005\"}],[\"ACHIVE018\",{\"strName\":\"Blood on My Hands\",\"strDescription\":\"Kill a player by any means.\",\"strImage\":\"https://cdn.steamstatic.com/steamcommunity/public/images/apps/578080/a8b5bd3a756e47bb3f75942d6eaab7a3a1125b81.jpg\",\"flAchieved\":65.30000305175781,\"strID\":\"ACHIVE018\"}],[\"ACHIVE030\",{\"strName\":\"Guardian Angel\",\"strDescription\":\"Revive a knocked-downed teammate.\",\"strImage\":\"https://cdn.steamstatic.com/steamcommunity/public/images/apps/578080/71ca4bad67b139830fae28ccf63bf51cf82e4adf.jpg\",\"flAchieved\":53.599998474121094,\"strID\":\"ACHIVE030\"}],[\"ACHIVE004\",{\"strName\":\"Top 10\",\"strDescription\":\"Reach the top 10 10 times.\",\"strImage\":\"https://cdn.steamstatic.com/steamcommunity/public/images/apps/578080/fbc11e553fcda52b8f887c00aa11a2c80d0559ab.jpg\",\"flAchieved\":36,\"strID\":\"ACHIVE004\"}]]]]"}],["usernews",{"version":5,"data":["COoHENfajr8GGcnNqgEAAHABIScYEEsBABABKSDSCAAAAAAAUUAAEAzNYO4GYNfajr8GcNfajr8G","COoHEKPMjr8GGcnNqgEAAHABIScYEEsBABABKSDSCAAAAAAAUToDMKNjYO4GYKPMjr8GcKPMjr8G","COoHEJPU9L4GGcnNqgEAAHABIScYEEsBABABKSDSCAAAAAAAUWcAMKNjYO4GYM2ri78GcJPU9L4G","COoHEPac9L4GGcnNqgEAAHABIScYEEsBABABKSDSCAAAAAAAUQoLsB66XyYIYOivib8GcPac9L4G","COoHEIDX6b4GGcnNqgEAAHABIScYEEsBABABKSDSCAAAAAAAUbsGsB66XyYIYI7n6b4GcIDX6b4G","COoHEIv8474GGcnNqgEAAHABIScYEEsBABABKSDSCAAAAAAAUcEGsB66XyYIYNHm6b4GcIv8474G","COoHEIDixL4GGcnNqgEAAHABIScYEEsBABABKSDSCAAAAAAAUQ0IoNcSXzYHYNbl6b4GcIDixL4G","COoHEIHixL4GGcnNqgEAAHABIScYEEsBABABKSDSCAAAAAAAUYoAoNcSXzYHYLuQxb4GcIHixL4G","COoHEPO+v74GGcnNqgEAAHABIScYEEsBABABKSDSCAAAAAAAUScLoH5/Xu4GYIiQxb4GcPO+v74G","COoHEOGiv74GGcnNqgEAAHABIScYEEsBABABKSDSCAAAAAAAUecHoNcSXzYHYOuPxb4GcOGiv74G","COoHEIGzqr4GGcnNqgEAAHABIScYEEsBABABKSDSCAAAAAAAUS8LoH5/Xu4GYM+Pxb4GcIGzqr4G","COoHEPaPpb4GGcnNqgEAAHABIScYEEsBABABKSDSCAAAAAAAUS0LoH5/Xu4GYLaPxb4GcPaPpb4G","COoHEKbtn74GGcnNqgEAAHABIScYEEsBABABKSDSCAAAAAAAUf8KoH5/Xu4GYJCPxb4GcKbtn74G","COoHEI74+r0GGcnNqgEAAHABIScYEEsBABABKSDSCAAAAAAAURIMAJvrXSIHYK3boL4GcI74+r0G","COoHEKyM3L0GGcnNqgEAAHABIScYEEsBABABKSDSCAAAAAAAUeMAAJvrXSIHYNa2gr4GcKyM3L0G","COoHEI6D1r0GGcnNqgEAAHABIScYEEsBABABKSDSCAAAAAAAURsDcCOWXSYKYMrK/70GcI6D1r0G","COoHEMvR3L0GGcnNqgEAAHABIVTupl8BABABKSDSCAAAAAAAUXQAAJvrXSIHYMDw4L0GcMvR3L0G","COoHEN7VsL0GGcnNqgEAAHABIScYEEsBABABKSDSCAAAAAAAUQEEcFHEXFYHYNaTt70GcN7VsL0G","COoHEIWOsb0GGcnNqgEAAHABIScYEEsBABABKSDSCAAAAAAAUT8GcFHEXFYHYLaTt70GcIWOsb0G","COoHEPvqq70GGcnNqgEAAHABIScYEEsBABABKSDSCAAAAAAAUUYAcFHEXFYHYJ6Tt70GcPvqq70G","COoHEOjOq70GGcnNqgEAAHABIScYEEsBABABKSDSCAAAAAAAURsAsJdCXVYHYPySt70GcOjOq70G","COoHEKeZjL0GGcnNqgEAAHABIScYEEsBABABKSDSCAAAAAAAUfkDQLUwXFYHYP7Lq70GcKeZjL0G","COoHEPOj57wGGcnNqgEAAHABIScYEEsBABABKSDSCAAAAAAAURMFoC6dW1YHYLHLq70GcPOj57wG","CAIQ/YWNvQYZY+hSDwEAEAEhAAAAAAAAAAApINIIAAAAAABCCUFDSElWRTAyOA=="]}],["gameactivity",{"version":5,"data":[]}],["associations",{"version":2,"data":{"rgDevelopers":[{"strName":"PUBG Corporation","strURL":"https://store.steampowered.com/developer/PUBG"}],"rgPublishers":[{"strName":"KRAFTON, Inc.","strURL":"https://store.steampowered.com/publisher/KRAFTON"}],"rgFranchises":[]}}],["descriptions",{"version":1,"data":{"strFullDescription":"[p][img]https://shared.akamai.steamstatic.com/store_item_assets/steam/apps/578080/extras/00_Join_our_Discord.gif?t=1741766432[/img][/p][p]\r\n[img]https://shared.akamai.steamstatic.com/store_item_assets/steam/apps/578080/extras/01_Land._Frame.gif?t=1741766432[/img][/p][p][b]LAND[/b] [/p][p] [/p][p]Drop into an ever-growing and changing selection of maps to keep you challenged. Will you choose the safer outskirts and risk not getting enough loot or hot drop into the dense cities and fight from the moment you hit the ground? Every drop is different, it's up to you to make the best with what you find. [/p][p][/p][p][img]https://shared.akamai.steamstatic.com/store_item_assets/steam/apps/578080/extras/02_Loot._Frame.gif?t=1741766432[/img][/p][p][b]LOOT[/b] [/p][p] [/p][p]With unique weapons, a variety of supplies, and special tools to outwit your opponents, how you outfit yourself is up to you! Kit out your favorite weapons with powerful attachments or risk going after the hotly contested Care Packages for unique loot to give you the edge you need to win. [/p][p][/p][p][img]https://shared.akamai.steamstatic.com/store_item_assets/steam/apps/578080/extras/03_Survive._Frame.gif?t=1741766432[/img][/p][p][b]SURVIVE[/b] [/p][p] [/p][p]Stocking up is only the beginning. With the Safe Zone growing ever smaller as time goes on, your risk of running into other survivors dramatically increases. Die and you're out. You'll need to outthink, outrun, or outshoot your opponents if you're to be the last one standing and claim ultimate victory.  [/p][p][/p][p][img]https://shared.akamai.steamstatic.com/store_item_assets/steam/apps/578080/extras/04_MANY_WAYS_TO_PLAY._Frame.gif?t=1741766432[/img][/p][p][b]MANY WAYS TO PLAY,[/b] [/p][p] [/p][p]Warm up in Team Deathmatch, try out constantly changing modes in the Arcade, drop into the latest seasonal event, or build your own custom lobby and challenge your friends to something unique. [/p][p][/p][p][img]https://shared.akamai.steamstatic.com/store_item_assets/steam/apps/578080/extras/05_AND_EVERY_MATCH_IS_UNIQUE._Frame.gif?t=1741766432[/img][/p][p][b]EVERY MATCH IS UNIQUE[/b] [/p][p] [/p][p]No two battles are the same, and everything hinges on the choices you make to land, loot and survive. Drop into the Battlegrounds where victory hinges on every move and every choice, and fight to be the last one standing. [/p][p][/p][p]Optional in-game purchases available. [/p]","strSnippet":"PUBG: BATTLEGROUNDS, the high-stakes winner-take-all shooter that started the Battle Royale craze, is free-to-play! Drop into diverse maps, loot unique weapons and supplies, and survive in an ever-shrinking zone where every turn could be your last."}}]]