[["achievements",{"version":2,"data":{"vecHighlight":[],"vecUnachieved":[{"strID":"BAR_ACHIEVEMENT_1_15","strName":"a","strDescription":"a","strImage":"https://cdn.steamstatic.com/steamcommunity/public/images/apps/618140/776df4dbaece028e145b4fb87945d646bf6810ae.jpg","bAchieved":false,"rtUnlocked":0,"flAchieved":41,"flMinProgress":0,"flCurrentProgress":0,"flMaxProgress":0},{"strID":"BAR_ACHIEVEMENT_1_16","strName":"b","strDescription":"b","strImage":"https://cdn.steamstatic.com/steamcommunity/public/images/apps/618140/776df4dbaece028e145b4fb87945d646bf6810ae.jpg","bAchieved":false,"rtUnlocked":0,"flAchieved":40.900001525878906,"flMinProgress":0,"flCurrentProgress":0,"flMaxProgress":0},{"strID":"BAR_ACHIEVEMENT_1_17","strName":"c","strDescription":"c","strImage":"https://cdn.steamstatic.com/steamcommunity/public/images/apps/618140/776df4dbaece028e145b4fb87945d646bf6810ae.jpg","bAchieved":false,"rtUnlocked":0,"flAchieved":40.79999923706055,"flMinProgress":0,"flCurrentProgress":0,"flMaxProgress":0},{"strID":"BAR_ACHIEVEMENT_1_18","strName":"d","strDescription":"d","strImage":"https://cdn.steamstatic.com/steamcommunity/public/images/apps/618140/776df4dbaece028e145b4fb87945d646bf6810ae.jpg","bAchieved":false,"rtUnlocked":0,"flAchieved":40.599998474121094,"flMinProgress":0,"flCurrentProgress":0,"flMaxProgress":0},{"strID":"BAR_ACHIEVEMENT_1_19","strName":"e","strDescription":"e","strImage":"https://cdn.steamstatic.com/steamcommunity/public/images/apps/618140/776df4dbaece028e145b4fb87945d646bf6810ae.jpg","bAchieved":false,"rtUnlocked":0,"flAchieved":40.599998474121094,"flMinProgress":0,"flCurrentProgress":0,"flMaxProgress":0},{"strID":"BAR_ACHIEVEMENT_1_20","strName":"f","strDescription":"f","strImage":"https://cdn.steamstatic.com/steamcommunity/public/images/apps/618140/776df4dbaece028e145b4fb87945d646bf6810ae.jpg","bAchieved":false,"rtUnlocked":0,"flAchieved":40.5,"flMinProgress":0,"flCurrentProgress":0,"flMaxProgress":0},{"strID":"BAR_ACHIEVEMENT_1_21","strName":"g","strDescription":"g","strImage":"https://cdn.steamstatic.com/steamcommunity/public/images/apps/618140/f2b7018a6efd9834d9d00bb08030e8eb073df4aa.jpg","bAchieved":false,"rtUnlocked":0,"flAchieved":40.400001525878906,"flMinProgress":0,"flCurrentProgress":0,"flMaxProgress":0},{"strID":"BAR_ACHIEVEMENT_1_22","strName":"h","strDescription":"h","strImage":"https://cdn.steamstatic.com/steamcommunity/public/images/apps/618140/776df4dbaece028e145b4fb87945d646bf6810ae.jpg","bAchieved":false,"rtUnlocked":0,"flAchieved":40.29999923706055,"flMinProgress":0,"flCurrentProgress":0,"flMaxProgress":0},{"strID":"BAR_ACHIEVEMENT_1_23","strName":"i","strDescription":"i","strImage":"https://cdn.steamstatic.com/steamcommunity/public/images/apps/618140/776df4dbaece028e145b4fb87945d646bf6810ae.jpg","bAchieved":false,"rtUnlocked":0,"flAchieved":40.20000076293945,"flMinProgress":0,"flCurrentProgress":0,"flMaxProgress":0},{"strID":"BAR_ACHIEVEMENT_1_24","strName":"j","strDescription":"j","strImage":"https://cdn.steamstatic.com/steamcommunity/public/images/apps/618140/f2b7018a6efd9834d9d00bb08030e8eb073df4aa.jpg","bAchieved":false,"rtUnlocked":0,"flAchieved":40.099998474121094,"flMinProgress":0,"flCurrentProgress":0,"flMaxProgress":0},{"strID":"BAR_ACHIEVEMENT_1_25","strName":"k","strDescription":"k","strImage":"https://cdn.steamstatic.com/steamcommunity/public/images/apps/618140/776df4dbaece028e145b4fb87945d646bf6810ae.jpg","bAchieved":false,"rtUnlocked":0,"flAchieved":40,"flMinProgress":0,"flCurrentProgress":0,"flMaxProgress":0},{"strID":"BAR_ACHIEVEMENT_1_26","strName":"l","strDescription":"l","strImage":"https://cdn.steamstatic.com/steamcommunity/public/images/apps/618140/776df4dbaece028e145b4fb87945d646bf6810ae.jpg","bAchieved":false,"rtUnlocked":0,"flAchieved":39.900001525878906,"flMinProgress":0,"flCurrentProgress":0,"flMaxProgress":0}],"vecAchievedHidden":[],"nTotal":109,"nAchieved":0}}]]