[["achievements",{"version":2,"data":{"vecHighlight":[],"vecUnachieved":[{"strID":"Welcome_to_MotorNation","strName":"Welcome to MotorNation","strDescription":"This time we'll be generous! You have completed the 1st Episode of the Live Xtrem Series.","strImage":"https://cdn.steamstatic.com/steamcommunity/public/images/apps/646910/d299cd25df47bf513b27fc775946ca4855e636e6.jpg","bAchieved":false,"rtUnlocked":0,"flAchieved":77.80000305175781,"flMinProgress":0,"flCurrentProgress":0,"flMaxProgress":0},{"strID":"First_Autograph","strName":"First Autograph","strDescription":"Earn enough followers to reach Popular level","strImage":"https://cdn.steamstatic.com/steamcommunity/public/images/apps/646910/35b307b26f20ddfbd8f099c104f18de117d648c1.jpg","bAchieved":false,"rtUnlocked":0,"flAchieved":40.599998474121094,"flMinProgress":0,"flCurrentProgress":0,"flMaxProgress":0},{"strID":"Easy_Rider","strName":"Easy Rider","strDescription":"Earn 500 Followers through stunts in Freedrive","strImage":"https://cdn.steamstatic.com/steamcommunity/public/images/apps/646910/770efed74c81159a9a219ef601ea3663f2e9ee1e.jpg","bAchieved":false,"rtUnlocked":0,"flAchieved":33.29999923706055,"flMinProgress":0,"flCurrentProgress":0,"flMaxProgress":0},{"strID":"Press_Conference","strName":"Press Conference","strDescription":"Earn enough followers to reach Famous level","strImage":"https://cdn.steamstatic.com/steamcommunity/public/images/apps/646910/96746e7f0539288da4d2c1f3f6c1dbefba9eaa40.jpg","bAchieved":false,"rtUnlocked":0,"flAchieved":30.899999618530273,"flMinProgress":0,"flCurrentProgress":0,"flMaxProgress":0},{"strID":"Paint_Don't_Hurt","strName":"Paint Don't Hurt","strDescription":"Change the color of one vehicle in your home","strImage":"https://cdn.steamstatic.com/steamcommunity/public/images/apps/646910/3b6ddf774e5f36eee1489b66062440827f6cec4d.jpg","bAchieved":false,"rtUnlocked":0,"flAchieved":29.399999618530273,"flMinProgress":0,"flCurrentProgress":0,"flMaxProgress":0},{"strID":"Rising_Star","strName":"Rising Star","strDescription":"Earn enough followers to reach Star level","strImage":"https://cdn.steamstatic.com/steamcommunity/public/images/apps/646910/b2fc3f5f377172845524b057bc82334be44a28a6.jpg","bAchieved":false,"rtUnlocked":0,"flAchieved":25.899999618530273,"flMinProgress":0,"flCurrentProgress":0,"flMaxProgress":0},{"strID":"Ghost_Bustin'_2","strName":"Ghost Bustin' 2","strDescription":"Beat a rival or a friend’s ghost","strImage":"https://cdn.steamstatic.com/steamcommunity/public/images/apps/646910/811e3ecdaab9c5cf0646ac6453c3528a6a0eebe3.jpg","bAchieved":false,"rtUnlocked":0,"flAchieved":25.399999618530273,"flMinProgress":0,"flCurrentProgress":0,"flMaxProgress":0},{"strID":"Act_Like_an_Art_Director","strName":"Act Like an Art Director","strDescription":"Take a picture outside of any photo op just for fun, because it looks good","strImage":"https://cdn.steamstatic.com/steamcommunity/public/images/apps/646910/b05657cc4f7f8ea0dad5647e33c259cb31eafa4f.jpg","bAchieved":false,"rtUnlocked":0,"flAchieved":24.299999237060547,"flMinProgress":0,"flCurrentProgress":0,"flMaxProgress":0},{"strID":"Hard_way_to_hell","strName":"Hard way to hell","strDescription":"Complete an event on hard difficulty","strImage":"https://cdn.steamstatic.com/steamcommunity/public/images/apps/646910/ebb2f7a613d452243aa9c648a55684cd6aeb5d42.jpg","bAchieved":false,"rtUnlocked":0,"flAchieved":24.200000762939453,"flMinProgress":0,"flCurrentProgress":0,"flMaxProgress":0},{"strID":"The_Man,_the_Myth,_the_Legend","strName":"The Man, the Myth, the Legend","strDescription":"Earn enough followers to reach Icon level","strImage":"https://cdn.steamstatic.com/steamcommunity/public/images/apps/646910/458c465512d580d343feefa6a673fc511eac1507.jpg","bAchieved":false,"rtUnlocked":0,"flAchieved":21.899999618530273,"flMinProgress":0,"flCurrentProgress":0,"flMaxProgress":0},{"strID":"Social_Butterfly","strName":"Social Butterfly","strDescription":"Complete an event while in a crew","strImage":"https://cdn.steamstatic.com/steamcommunity/public/images/apps/646910/5beb1f64446d2266fc9ec8cb0d2868c50b877e4c.jpg","bAchieved":false,"rtUnlocked":0,"flAchieved":20.100000381469727,"flMinProgress":0,"flCurrentProgress":0,"flMaxProgress":0},{"strID":"BFF","strName":"BFF","strDescription":"Drive 50 KM in a row in a crew","strImage":"https://cdn.steamstatic.com/steamcommunity/public/images/apps/646910/4a431958617c30bda1d706d74292a0603ab9712a.jpg","bAchieved":false,"rtUnlocked":0,"flAchieved":19.399999618530273,"flMinProgress":0,"flCurrentProgress":0,"flMaxProgress":0}],"vecAchievedHidden":[],"nTotal":34,"nAchieved":0}}]]