[["achievements",{"version":2,"data":{"vecHighlight":[{"strID":"PLAY_CS2","strName":"A New Beginning","strDescription":"This is Counter-Strike, too.","bAchieved":true,"rtUnlocked":1707381336,"strImage":"https://cdn.steamstatic.com/steamcommunity/public/images/apps/730/f75dd04fa12445a8ec43be65fa16ff1b8d2bf82e.jpg","bHidden":true,"flMinProgress":0,"flCurrentProgress":0,"flMaxProgress":0,"flAchieved":31.799999237060547}],"vecUnachieved":[],"vecAchievedHidden":[{"strID":"PLAY_CS2","strName":"A New Beginning","strDescription":"This is Counter-Strike, too.","strImage":"https://cdn.steamstatic.com/steamcommunity/public/images/apps/730/f75dd04fa12445a8ec43be65fa16ff1b8d2bf82e.jpg","bAchieved":true,"rtUnlocked":1707381336,"flAchieved":0}],"nTotal":1,"nAchieved":1}}]]