{"nVersion":3,"mapCache":[[244210,{"appid":244210,"unlocked":1,"total":709,"percentage":0.14104372262954712,"all_unlocked":false,"cache_time":1724678717}],[1172620,{"appid":1172620,"unlocked":24,"total":270,"percentage":8.88888931274414,"all_unlocked":false,"cache_time":1729352522,"vetted":true}],[632360,{"appid":632360,"unlocked":60,"total":121,"percentage":49.58677673339844,"all_unlocked":false,"cache_time":1733032032,"vetted":true}],[548430,{"appid":548430,"unlocked":7,"total":69,"percentage":10.144927978515625,"all_unlocked":false,"cache_time":1734192327,"vetted":true}],[1144200,{"appid":1144200,"unlocked":7,"total":33,"percentage":21.212121963500977,"all_unlocked":false,"cache_time":1735396005,"vetted":true}],[242760,{"appid":242760,"unlocked":11,"total":45,"percentage":24.44444465637207,"all_unlocked":false,"cache_time":1736605137,"vetted":true}],[1222680,{"appid":1222680,"unlocked":4,"total":42,"percentage":9.523809432983398,"all_unlocked":false,"cache_time":1735835881,"vetted":true}],[2231380,{"appid":2231380,"unlocked":27,"total":50,"percentage":54,"all_unlocked":false,"cache_time":1742642272,"vetted":true}],[3240220,{"appid":3240220,"unlocked":35,"total":77,"percentage":45.45454406738281,"all_unlocked":false,"cache_time":1741093090,"vetted":true}],[2567870,{"appid":2567870,"unlocked":7,"total":16,"percentage":43.75,"all_unlocked":false,"cache_time":1742653095,"vetted":true}],[397540,{"appid":397540,"unlocked":27,"total":81,"percentage":33.33333206176758,"all_unlocked":false,"cache_time":1745141789,"vetted":true}]]}