{"r":{"s":8604302871486261462,"d":2,"ft":3404.313,"t":3404.324,"ip":true,"offt":3235.167,"scc":6,"sn":"ancientloft","nsn":"ancientloft","im":{"array":[false,false,true,true,true,true,true,true,false,true,true,true,true,true,true,true,true,true,true,true,false,false,false,false,false,true,true,false,true,true,true,true,true,false,false,false,true,true,true,false,true,false,true,true,false,false,true,false,false,false,true,false,true,true,true,true,true,true,true,false,true,false,false,false,true,true,true,true,true,true,true,true,false,true,false,true,true,true,false,false,true,true,true,false,true,true,false,false,true,true,true,true,true,false,true,false,false,true,false,true,false,false,true,true,false,false,true,false,false,false,false,true,true,true,true,true,true,true,false,false,true,false,false,false,true,true,true,false,true,true,true,true,true,true,false,true,true,false,true,true,true,true,true,true,true,false,false,true,true,true,true,true,false,true,false,true,true,false,true,false,true,false,true,true,true,true,true,true,true,false,true,true,true,true,true,true,true,true,true,false,true,true,true,true,false,false,false,false,false,true,true,false,true,true,true,false,false,true,true,false,false,false,true]},"em":{"array":[true,true,true,false,true,true,true,true,true,true,true,false,false,false,false,false,false,false,false,false,false,false,false,false,false,true,true,true,true,false,true,true,false,false,false,true,true,true,false,false,true,true,true,false,false,true,false,true,true,true,false,false,true,true,true]},"spc":3,"ef":[],"rr":{"rr":{"s0":14897816151541416574,"s1":16737224367410044216},"nsr":{"s0":13172335090400131189,"s1":16131273476975404982},"srg":{"s0":11951840977224890283,"s1":4545078640688635864}},"ta":-1,"rb":{"rv":[2,0,1,1,1,1,1,1,1,1,1,1,1,1,1,1,1,1,1,1,1,1,0,0,0,0,0,0,0,0,1,0,0,0,0,0,0,0,0,1,1,1,0,0,0,1,0,0,0,0,0,0,0,0,0,0,0,0,0,0,0,0,0,0,0,0,1,1,0,0,0,1,0,1,0,0,1,0,0,0,0,0,0,0,0,0,0,0,0,0,1,0,1,1,0,0,0,0,1,0,0,0,0,0,0,0,0,0,1,0,0,0,0,1,0,1,0,0,0,0,0,1,0,0,1,0,0,1,0,0,0,0,1,0,0,0,0,0,0,0,0,1,0,0,0,0,0,0,0,0,0,0,0,0,0,0,0,0,0,0,0,0,0,0,0,0,0,0,0,0,0,0,0,0,0,0,0,0,0,0,0,0,0,0,0,0,0,0,0,0,0,0,1,0,0,0,0,0,0,0,0,0,0,0,0,0,1,0,1,1]}},"t":{"e":432892},"ra":{"a":[false,false,false,false,false,false,false,false,false,false,false,false,false,false,false,false,false,false,false]},"a":{"ed":{"sier":{"s0":6995925649606461119,"s1":6818409841443732596},"saer":{"s0":16199260879296277376,"s1":7290854460228895465}}},"p":[{"si":{"s":76561198090763547,"si":0},"sf":["1","3236.56683546677","463","171","0","1229437","522647","7328","11784","40761","22","82420","82420","47764.8662032619","129","129","6","6","0","146","146","106","106","9","9","2","2","18","18","2","2","0","0","30","8","23","0","0","0","60","0","0","13","0","0","1","0","0","0","0","0","0","0","0","0","0","0","0","0","0","0","0","0","0","0","0","0","0","0","0","0","0","0","0","0","0","0","0","0","0","0","0","0","0","0","0","0","0","0","0","0","0","0","0","0","0","0","0","0","0","0","0","0","0","0","0","0","0","0","0","0","0","0","0","0","0","0","0","0","0","0","0","0","0","0","0","0","0","0","0","0","0","0","0","0","0","0","0","0","0","0","0","0","0","0","0","0","0","0","0","0","0","0","0","0","0","0","0","0","0","0","0","0","0","0","0","0","0","0","0","0","0","0","0","0","0","0","0","0","0","0","0","0","0","0","0","0","0","0","0","0","0","0","0","0","0","0","0","0","0","0","0","0","0","0","0","0","0","0","0","0","0","3236.46683546156","0","0","0","0","0","0","0","0","0","0","0","0","0","0","0","0","0","0","0","0","0","0","0","0","0","0","0","0","0","0","0","0","0","0","0","0","0","0","0","0","0","0","0","0","0","0","0","0","0","0","0","0","0","0","0","0","0","0","0","0","0","0","0","0","0","0","0","0","0","0","0","0","0","0","0","0","0","0","0","0","0","0","0","0","0","0","0","0","0","0","0","0","0","0","0","0","0","0","0","0","0","0","0","0","0","0","0","0","0","0","0","0","0","0","0","0","0","0","0","0","0","0","0","0","0","0","0","0","0","0","0","0","0","0","0","0","0","0","0","0","0","0","0","0","0","0","0","0","0","0","0","0","0","0","0","0","0","0","0","0","0","0","0","0","0","0","0","0","0","0","0","0","0","0","0","0","0","0","0","0","0","0","0","0","0","0","0","0","0","0","0","0","0","0","0","0","0","0","0","0","0","0","0","0","0","0","0","0","0","0","0","0","0","0","0","0","0","0","0","0","0","0","0","0","0","0","0","0","0","0","0","0","0","0","0","0","0","0","0","0","0","0","0","0","0","0","0","0","0","0","0","0","0","0","0","0","0","0","0","0","0","0","0","0","0","0","0","0","0","0","0","0","0","0","0","0","0","0","0","0","0","0","0","0","0","0","0","0","0","0","0","0","0","0","0","0","0","0","0","0","0","0","0","0","0","0","0","0","0","0","0","0","0","0","0","0","0","0","0","0","0","0","0","0","0","0","0","0","0","0","0","0","0","0","0","0","0","0","0","3235.13403320313","0","0","0","0","1804","3162","0","0","0","0","0","0","0","0","0","0","19372","0","0","0","19468","0","137465","10385","23344","0","15611","0","0","0","0","0","0","0","0","0","0","86598","0","0","0","0","0","0","0","0","0","0","0","0","0","0","0","0","0","0","0","0","150","0","0","0","0","0","10887","0","28724","14790","179012","0","40749","0","0","41223","77355","0","0","0","0","0","0","0","18479","0","25190","53781","158316","0","0","0","0","0","0","0","0","0","0","0","0","0","0","0","0","0","127879","0","0","0","0","0","0","3694","0","0","0","0","0","17560","0","0","0","0","0","0","0","0","0","0","0","0","170","0","0","0","0","0","0","0","0","0","0","0","0","0","0","0","0","0","0","0","46655","0","0","0","0","0","132","20581","0","22854","0","0","1391","0","0","0","0","0","0","0","0","0","22656","0","0","0","0","0","0","0","0","0","0","0","0","0","0","0","0","0","0","0","0","0","0","0","0","0","0","0","0","0","0","0","0","0","0","0","0","0","0","0","0","0","0","0","0","0","0","0","0","0","0","0","0","0","0","0","0","0","0","0","0","0","0","0","0","0","0","0","0","0","0","0","0","0","0","0","0","0","0","0","0","0","0","0","0","0","0","0","0","0","0","0","0","0","0","0","0","0","0","0","0","0","0","0","0","0","0","0","0","0","0","0","0","0","0","0","0","0","0","0","0","0","0","0","0","0","0","0","0","0","0","0","0","0","0","0","0","0","0","0","0","0","0","0","0","0","0","0","0","0","0","0","0","0","0","0","0","0","0","0","0","0","0","0","0","0","0","1229437","0","0","0","0","0","0","0","0","0","0","0","0","0","0","0","0","0","0","0","0","0","0","0","0","0","0","0","0","0","0","0","0","0","0","0","0","0","0","0","0","0","0","0","0","0","0","0","0","0","0","0","0","0","0","0","0","0","0","0","0","0","0","0","0","0","0","0","0","0","0","0","0","0","0","0","0","0","0","0","0","0","0","0","0","0","0","0","0","0","0","0","0","0","0","0","0","0","0","0","0","0","0","0","0","0","0","0","0","0","0","0","0","0","0","0","0","0","0","0","0","0","0","0","0","0","0","0","0","0","0","0","0","0","0","0","0","0","0","0","0","0","0","0","0","0","0","0","0","0","0","0","0","0","0","0","0","0","0","0","0","0","0","0","0","0","0","0","0","0","522647","0","0","0","0","65","0","0","0","0","0","0","0","0","0","0","0","50","0","0","0","102","0","9","0","0","0","40","0","0","0","0","0","0","0","0","0","0","442","0","0","0","0","0","0","0","0","0","0","0","0","0","0","0","0","0","0","0","0","74","0","0","0","0","0","405","0","31","0","180","0","0","0","0","0","650","0","0","0","0","0","0","0","36","0","0","125","63","0","0","0","0","0","0","0","0","0","0","0","0","0","0","0","0","0","288","0","0","0","0","0","0","0","0","0","0","0","0","0","0","0","0","0","0","0","0","0","0","0","0","0","0","0","0","0","0","0","0","0","0","0","0","0","0","0","0","0","0","0","0","0","219","0","0","0","0","0","0","554","0","38","0","0","23","0","0","0","0","0","0","0","0","0","213","0","0","0","0","0","0","0","0","0","0","0","0","0","0","0","0","0","0","0","0","0","0","0","0","0","0","0","0","0","0","0","0","0","0","0","0","0","0","0","0","0","0","0","0","0","0","0","0","0","0","0","0","0","0","0","0","0","0","0","0","0","0","0","0","0","0","0","0","0","0","0","0","0","0","0","0","0","0","0","0","0","0","0","0","0","0","0","0","0","0","0","0","0","0","0","0","0","0","0","0","0","0","0","0","0","0","0","0","0","0","0","0","0","0","0","0","0","0","0","0","0","0","0","0","0","0","0","0","0","0","0","0","0","0","0","0","0","0","0","0","0","0","0","0","0","0","0","0","0","0","0","0","0","0","0","0","0","0","0","0","0","0","0","0","0","0","7328","0","0","0","0","4","7","0","0","0","0","0","0","0","0","0","0","39","0","0","0","7","0","4","29","6","0","7","0","0","0","0","0","0","0","0","0","0","5","0","0","0","0","0","0","32","0","0","0","0","0","0","0","0","0","0","0","0","0","2","0","0","0","0","0","21","0","6","7","42","0","1","0","0","6","4","0","0","0","0","0","0","0","18","0","20","48","11","0","0","0","0","0","0","0","0","0","0","0","0","0","0","0","0","0","33","0","0","0","0","0","0","2","0","0","0","0","0","3","0","0","0","0","0","0","0","0","0","0","0","0","1","0","0","0","0","0","0","0","0","0","0","0","0","0","0","0","0","0","0","0","4","0","0","0","0","0","0","0","0","40","0","0","1","0","0","0","0","0","0","0","0","0","53","0","0","0","0","0","0","0","0","0","0","0","0","0","9","0","0","0","0","0","0","0","1","0","0","0","0","0","0","0","0","0","0","0","0","0","0","0","0","0","0","0","0","0","0","0","0","0","0","0","0","0","0","0","0","0","0","0","0","0","0","0","1","0","2","2","1","0","0","0","0","0","2","0","0","0","0","0","0","0","3","0","4","12","2","0","0","0","0","0","0","0","0","0","0","0","0","0","0","0","0","0","3","0","0","0","0","0","0","0","0","0","0","0","0","0","0","0","0","0","0","0","0","0","0","0","0","0","0","0","0","0","0","0","0","0","0","0","0","0","0","0","0","0","0","0","0","0","0","0","0","0","0","0","0","0","0","3","0","0","0","0","0","0","0","0","0","0","0","0","15","0","0","0","0","0","0","0","0","0","0","0","0","0","0","0","0","0","0","0","0","0","0","0","0","0","0","0","0","0","0","0","0","0","0","0","0","0","0","0","0","0","0","0","0","0","0","0","0","0","0","0","0","0","0","0","0","0","0","0","0","0","0","0","0","0","0","0","0","0","0","0","0","0","0","0","0","0","0","0","0","0","0","0","0","0","0","0","0","0","0","0","0","0","0","0","0","0","0","0","0","0","0","0","0","0","0","0","0","0","0","0","0","0","0","0","0","0","0","0","0","0","0","0","0","0","0","0","0","0","0","0","0","0","0","0","0","0","0","0","0","0","0","0","0","0","0","0","0","0","0","0","0","0","0","0","0","0","0","0","0","0","0","0","0","0","0","0","0","0","0","0","0","0","0","0","0","0","0","0","0","0","0","0","0","0","0","0","0","0","0","0","0","0","0","0","0","0","0","0","0","0","0","0","0","0","0","0","0","0","0","0","0","0","0","0","0","0","0","0","0","0","0","0","0","0","0","0","0","0","0","0","0","0","0","0","0","0","0","0","0","0","0","0","0","0","0","0","0","0","0","0","0","0","0","0","0","0","0","0","0","0","0","0","0","0","0","0","0","0","0","0","0","0","0","0","0","0","0","0","0","0","0","0","0","0","0","0","0","0","0","0","0","0","0","0","0","0","0","0","0","0","0","0","0","0","0","0","0","0","0","0","0","0","0","0","0","0","0","0","0","0","0","0","0","0","0","0","0","0","0","0","0","0","0","0","0","463","0","0","0","0","0","0","0","0","0","0","0","0","0","0","0","0","0","0","0","0","0","0","0","0","0","0","0","0","0","0","0","0","0","0","0","0","0","0","0","0","0","0","0","0","0","0","0","0","0","0","0","0","0","0","0","0","0","0","0","0","0","0","0","0","0","0","0","0","0","0","0","0","0","0","0","0","0","0","0","0","0","0","0","0","0","0","0","0","0","0","0","0","0","0","0","0","0","0","0","0","0","0","0","0","0","0","0","0","0","0","0","0","0","0","0","0","0","0","0","0","0","0","0","0","0","0","0","0","0","0","0","0","0","0","0","0","0","0","0","0","0","0","0","0","0","0","0","0","0","0","0","0","0","0","0","0","0","0","0","0","0","0","0","0","0","0","0","0","0","171","0","0","0","0","0","0","0","0","0","0","0","0","0","0","0","0","0","0","0","0","0","0","0","0","0","0","0","0","0","0","0","0","0","0","0","0","0","0","0","0","0","0","0","0","0","0","0","0","0","0","0","0","0","0","0","0","0","0","0","0","0","0","0","0","0","0","0","0","0","0","0","0","0","0","0","0","0","0","0","0","0","0","0","0","0","0","0","0","0","0","0","0","0","0","0","0","0","0","0","0","0","0","0","0","0","0","0","0","0","0","0","0","0","0","0","0","0","0","0","0","0","0","0","0","0","0","0","0","0","0","0","0","0","0","0","0","0","0","0","0","0","0","0","0","0","0","0","0","0","0","0","0","0","0","0","0","0","0","0","0","0","0","0","0","0","0","0","0","0","0","0","0","0","0","0","0","0","0","0","0","0","0","0","0","0","0","0","0","0","0","0","0","0","0","0","0","0","0","0","0","0","0","0","0","0","0","0","0","0","0","0","0","0","0","0","0","0","0","0","0","0","0","0","0","0","0","0","0","0","0","0","0","0","0","0","0","0","0","0","0","0","0","0","0","0","0","0","0","0","0","0","0","0","0","0","0","0","0","0","0","0","0","0","0","0","0","0","0","0","0","0","0","0","0","0","0","0","0","0","0","0","0","0","0","0","0","0","0","0","0","0","0","0","0","0","0","0","0","0","0","0","0","0","0","0","0","0","0","0","0","0","0","0","0","0","0","0","0","0","0","0","0","0","0","0","0","0","0","0","0","0","0","0","0","0","0","0","0","0","1","0","0","0","0","0","0","0","0","0","0","0","0","0","0","0","0","0","0","0","0","0","0","0","0","0","0","0","0","0","0","0","0","0","0","0","0","0","0","0","0","0","0","0","0","0","0","0","0","0","0","0","0","0","0","0","0","0","0","0","0","0","0","0","0","0","0","0","0","0","0","0","0","0","0","0","0","0","0","0","0","0","0","0","0","0","0","0","0","0","0","0","0","0","0","0","0","0","0","0","0","0","0","0","0","0","0","0","0","0","0","0","0","0","0","0","0","0","0","0","0","0","0","0","0","0","0","0","0","0","0","0","0","0","0","0","0","0","0","0","0","0","0","0","0","0","0","0","0","0","0","0","0","0","0","0","0","0","0","0","0","0","0","0","0","0","0","0","0","0","0","0","0","0","0","0","0","0","0","0","0","0","0","0","0","0","0","0","0","0","0","0","0","0","0","0","0","0","0","0","0","0","0","0","0","0","0","0","0","0","0","0","0","0","0","0","0","0","0","0","0","0","0","0","0","0","0","0","0","0","0","0","0","0","0","0","0","0","0","0","0","0","0","0","0","0","0","0","0","0","0","0","0","0","0","0","0","0","0","0","0","0","0","0","0","0","0","0","0","0","0","0","0","0","0","0","0","0","0","0","0","0","0","0","0","0","0","0","0","0","0","0","0","0","0","0","0","0","0","0","0","0","0","0","0","0","0","0","0","0","0","0","0","0","0","0","0","0","0","0","0","0","0","0","0","0","0","0","0","0","0","0","0","0","0","0","0","0","0","0","0","0","0","0","0","0","0","0","0","0","0","0","0","0","0","0","0","0","0","0","0","0","0","0","0","0","0","0","0","0","0","0","0","0","0","0","0","0","0","0","0","0","0","0","0","0","0","0","0","0","0","0","0","0","0","0","0","0","0","0","0","0","0","0","0","0","0","0","0","0","0","0","0","0","0","0","0","0","0","0","0","0","0","0","0","0","0","0","0","0","0","0","0","0","0","0","0","0","0","0","0","0","0","0","0","0","0","0","0","0","0","0","0","0","0","0","0","0","0","0","0","0","0","0","0","0","0","0","0","0","0","0","0","0","0","0","0","0","0","0","0","0","0","0","0","0","0","0","0","0","0","0","0","0","0","0","0","0","0","0","0","0","0","0","0","0","0","0","0","0","0","0","0","0","0","0","0","0","0","0","0","10","0","0","3","1","0","8","0","0","0","2","0","0","1","0","0","0","0","0","2","0","0","0","2","2","0","0","0","0","0","0","1","2","0","3","0","0","0","0","0","0","0","0","0","0","0","0","1","0","1","0","0","0","0","0","0","0","0","0","1","1","0","3","3","0","1","1","0","0","0","0","1","0","0","0","0","0","0","2","1","0","0","2","1","0","2","0","0","0","0","0","1","0","0","0","0","2","0","0","0","2","0","0","0","0","0","0","0","0","0","0","0","0","0","3","0","0","0","0","0","1","1","0","0","0","2","0","2","0","0","1","0","4","0","0","1","1","1","0","0","0","2","0","0","0","0","0","0","0","0","2","0","0","0","15","0","0","0","0","0","0","0","0","0","0","1","0","2","0","0","0","3","0","0","2","0","0","0","0","0","0","0","0","0","0","0","1","8","0","0","0","1","0","7","0","0","5","0","0","0","0","0","0","9","0","0","3","1","0","8","0","0","0","2","0","0","1","0","0","0","0","0","2","0","0","0","1","2","0","0","0","0","0","0","1","2","0","3","0","0","0","0","0","0","0","0","0","0","0","0","1","0","1","0","0","0","0","0","0","0","0","0","1","1","0","2","2","0","1","1","0","0","0","0","1","0","0","0","0","0","0","1","1","0","0","1","1","0","1","0","0","0","0","0","1","0","0","0","0","2","0","0","0","2","0","0","0","0","0","0","0","0","0","0","0","0","0","2","0","0","0","0","0","1","1","0","0","0","1","0","2","0","0","1","0","3","0","0","1","1","1","0","0","0","2","0","0","0","0","0","0","0","0","2","0","0","0","7","0","0","0","0","0","0","0","0","0","0","1","0","2","0","0","0","1","0","0","1","0","0","0","0","0","0","0","0","0","0","0","1","5","0","0","0","1","0","1","0","0","5","0","0","0","0","0","961.933383502066","0","0","0","248.900012981147","0","0","0","0","0","0","0","0","0","0","0","0","0","0","0","0","0","0","0","0","0","789.316707832739","0","0","0","19.7500010300428","0","8.93333379924297","0","0","0","0","815.70004254207","0","0","0","0","0","0","0","0","0","0","0","0","0","0","0","0","0","4","0","0","0","4","0","0","0","0","0","0","0","0","0","0","0","0","0","0","0","0","0","0","0","0","0","7","0","0","0","1","0","0","0","0","0","0","44","0","0","0","0","0","0","0","0","0","0","0","0","0","0","0","0","0","0","0","0","0","1","2","0","0","0","0","1","0","0","1","0","0","0","0","0","0","0","0","0","0","0","0","0","0","0","0","0","0","0","0","0","0","0","0","1","0","0","1","0","0","0","0","0","0","0","0","0","0","0","0","0","0","0","0","0","0","0","0","1","2","0","0","0","0","1","0","0","1","0","0","0","0","0","0","0","0","0","0","0","0","0","0","0","0","0","0","0","0","0","0","0","0","1","0","0","1","0","0","0","0","0","0","0","0","0","0","0"],"su":[286],"lc":41,"lccm":0.125,"m":{"bn":"VoidSurvivorBody","m":0,"i":{"ib":101,"ed":false,"bah":0,"bas":0,"bar":0,"bad":0,"i":[{"i":127,"c":1},{"i":6,"c":9},{"i":136,"c":1},{"i":138,"c":3},{"i":40,"c":3},{"i":38,"c":2},{"i":72,"c":1},{"i":65,"c":1},{"i":147,"c":2},{"i":25,"c":2},{"i":66,"c":1},{"i":89,"c":1},{"i":30,"c":2},{"i":12,"c":8},{"i":133,"c":2},{"i":97,"c":1},{"i":126,"c":1},{"i":193,"c":4},{"i":9,"c":3},{"i":16,"c":2},{"i":142,"c":1},{"i":173,"c":2},{"i":106,"c":2},{"i":55,"c":1},{"i":141,"c":1},{"i":85,"c":1},{"i":68,"c":2},{"i":77,"c":1},{"i":84,"c":1},{"i":171,"c":1},{"i":202,"c":5},{"i":192,"c":1},{"i":197,"c":1},{"i":143,"c":1},{"i":88,"c":1},{"i":180,"c":1},{"i":10,"c":1},{"i":91,"c":1},{"i":53,"c":1}],"e":[{"i":42,"c":2,"cft":Infinity}],"aes":0},"l":{"ml":[{"bi":94,"sp":0,"sps":[0,0,0,1]},{"bi":29,"sp":0,"sps":[0,0,0,0,3,3]},{"bi":99,"sp":0,"sps":[0,1,0,0]}]},"vc":0,"cvrng":{"s0":2096394343721994087,"s1":7991590500148649290},"be":0,"nobsg":0,"obl":1,"nbl":0,"bxpnfcl":20,"lssme":0,"ms":[{"mi":30,"m":{"bn":"Drone1Body","m":0,"i":{"ib":0,"ed":false,"bah":0,"bas":0,"bar":0,"bad":0,"i":[{"i":123,"c":1},{"i":196,"c":1}],"e":[],"aes":0},"l":{"ml":[]},"vc":0,"cvrng":{"s0":11762379889644256951,"s1":14770956833951647474},"be":0,"nobsg":0,"obl":1,"nbl":0,"bxpnfcl":20,"lssme":0,"ms":[]}},{"mi":30,"m":{"bn":"Drone1Body","m":0,"i":{"ib":0,"ed":false,"bah":0,"bas":0,"bar":0,"bad":0,"i":[{"i":123,"c":1},{"i":196,"c":1}],"e":[],"aes":0},"l":{"ml":[]},"vc":0,"cvrng":{"s0":11762379889644256951,"s1":14770956833951647474},"be":0,"nobsg":0,"obl":1,"nbl":0,"bxpnfcl":20,"lssme":0,"ms":[]}},{"mi":112,"m":{"bn":"Turret1Body","m":0,"i":{"ib":0,"ed":false,"bah":0,"bas":0,"bar":0,"bad":0,"i":[{"i":123,"c":1},{"i":196,"c":1}],"e":[],"aes":0},"l":{"ml":[]},"vc":0,"cvrng":{"s0":1146892136341283370,"s1":19394063742495753},"be":0,"nobsg":0,"obl":1,"nbl":0,"bxpnfcl":20,"lssme":0,"ms":[]}},{"mi":31,"m":{"bn":"Drone2Body","m":0,"i":{"ib":0,"ed":false,"bah":0,"bas":0,"bar":0,"bad":0,"i":[{"i":123,"c":1},{"i":196,"c":1}],"e":[],"aes":0},"l":{"ml":[]},"vc":0,"cvrng":{"s0":1146892136341283370,"s1":19394063742495753},"be":0,"nobsg":0,"obl":1,"nbl":0,"bxpnfcl":20,"lssme":0,"ms":[]}},{"mi":34,"m":{"bn":"MissileDroneBody","m":0,"i":{"ib":0,"ed":false,"bah":0,"bas":0,"bar":0,"bad":0,"i":[{"i":123,"c":1},{"i":196,"c":1}],"e":[],"aes":0},"l":{"ml":[]},"vc":0,"cvrng":{"s0":1146892136341283370,"s1":19394063742495753},"be":0,"nobsg":0,"obl":1,"nbl":0,"bxpnfcl":20,"lssme":0,"ms":[]}},{"mi":46,"m":{"bn":"FlameDroneBody","m":0,"i":{"ib":0,"ed":false,"bah":0,"bas":0,"bar":0,"bad":0,"i":[{"i":123,"c":1},{"i":196,"c":1}],"e":[],"aes":0},"l":{"ml":[]},"vc":0,"cvrng":{"s0":1146892136341283370,"s1":19394063742495753},"be":0,"nobsg":0,"obl":1,"nbl":0,"bxpnfcl":20,"lssme":0,"ms":[]}},{"mi":31,"m":{"bn":"Drone2Body","m":0,"i":{"ib":0,"ed":false,"bah":0,"bas":0,"bar":0,"bad":0,"i":[{"i":123,"c":1},{"i":196,"c":1}],"e":[],"aes":0},"l":{"ml":[]},"vc":0,"cvrng":{"s0":1146892136341283370,"s1":19394063742495753},"be":0,"nobsg":0,"obl":1,"nbl":0,"bxpnfcl":20,"lssme":0,"ms":[]}},{"mi":41,"m":{"bn":"EquipmentDroneBody","m":0,"i":{"ib":0,"ed":false,"bah":0,"bas":0,"bar":0,"bad":0,"i":[{"i":123,"c":1},{"i":196,"c":1},{"i":23,"c":15}],"e":[{"i":31,"c":1,"cft":Infinity}],"aes":0},"l":{"ml":[]},"vc":0,"cvrng":{"s0":11762379889644256951,"s1":14770956833951647474},"be":0,"nobsg":0,"obl":1,"nbl":0,"bxpnfcl":20,"lssme":0,"ms":[]}},{"mi":34,"m":{"bn":"MissileDroneBody","m":0,"i":{"ib":0,"ed":false,"bah":0,"bas":0,"bar":0,"bad":0,"i":[{"i":123,"c":1},{"i":196,"c":1}],"e":[],"aes":0},"l":{"ml":[]},"vc":0,"cvrng":{"s0":1146892136341283370,"s1":19394063742495753},"be":0,"nobsg":0,"obl":1,"nbl":0,"bxpnfcl":20,"lssme":0,"ms":[]}},{"mi":31,"m":{"bn":"Drone2Body","m":0,"i":{"ib":0,"ed":false,"bah":0,"bas":0,"bar":0,"bad":0,"i":[{"i":123,"c":1},{"i":196,"c":1}],"e":[],"aes":0},"l":{"ml":[]},"vc":0,"cvrng":{"s0":3356711387378986062,"s1":17453517183860334076},"be":0,"nobsg":0,"obl":1,"nbl":0,"bxpnfcl":20,"lssme":0,"ms":[]}},{"mi":112,"m":{"bn":"Turret1Body","m":0,"i":{"ib":0,"ed":false,"bah":0,"bas":0,"bar":0,"bad":0,"i":[{"i":123,"c":1},{"i":196,"c":1}],"e":[],"aes":0},"l":{"ml":[]},"vc":0,"cvrng":{"s0":3356711387378986062,"s1":17453517183860334076},"be":0,"nobsg":0,"obl":1,"nbl":0,"bxpnfcl":20,"lssme":0,"ms":[]}},{"mi":34,"m":{"bn":"MissileDroneBody","m":0,"i":{"ib":0,"ed":false,"bah":0,"bas":0,"bar":0,"bad":0,"i":[{"i":123,"c":1},{"i":196,"c":1}],"e":[],"aes":0},"l":{"ml":[]},"vc":0,"cvrng":{"s0":3356711387378986062,"s1":17453517183860334076},"be":0,"nobsg":0,"obl":1,"nbl":0,"bxpnfcl":20,"lssme":0,"ms":[]}},{"mi":34,"m":{"bn":"MissileDroneBody","m":0,"i":{"ib":0,"ed":false,"bah":0,"bas":0,"bar":0,"bad":0,"i":[{"i":123,"c":1},{"i":196,"c":1}],"e":[],"aes":0},"l":{"ml":[]},"vc":0,"cvrng":{"s0":3356711387378986062,"s1":17453517183860334076},"be":0,"nobsg":0,"obl":1,"nbl":0,"bxpnfcl":20,"lssme":0,"ms":[]}},{"mi":112,"m":{"bn":"Turret1Body","m":0,"i":{"ib":0,"ed":false,"bah":0,"bas":0,"bar":0,"bad":0,"i":[{"i":123,"c":1},{"i":196,"c":1}],"e":[],"aes":0},"l":{"ml":[]},"vc":0,"cvrng":{"s0":3356711387378986062,"s1":17453517183860334076},"be":0,"nobsg":0,"obl":1,"nbl":0,"bxpnfcl":20,"lssme":0,"ms":[]}},{"mi":31,"m":{"bn":"Drone2Body","m":0,"i":{"ib":0,"ed":false,"bah":0,"bas":0,"bar":0,"bad":0,"i":[{"i":123,"c":1},{"i":196,"c":1}],"e":[],"aes":0},"l":{"ml":[]},"vc":0,"cvrng":{"s0":3356711387378986062,"s1":17453517183860334076},"be":0,"nobsg":0,"obl":1,"nbl":0,"bxpnfcl":20,"lssme":0,"ms":[]}},{"mi":41,"m":{"bn":"EquipmentDroneBody","m":0,"i":{"ib":0,"ed":false,"bah":0,"bas":0,"bar":0,"bad":0,"i":[{"i":123,"c":1},{"i":196,"c":1},{"i":23,"c":15}],"e":[{"i":37,"c":1,"cft":Infinity}],"aes":0},"l":{"ml":[]},"vc":0,"cvrng":{"s0":8157981810543652970,"s1":7114877973568636141},"be":0,"nobsg":0,"obl":1,"nbl":0,"bxpnfcl":20,"lssme":0,"ms":[]}},{"mi":46,"m":{"bn":"FlameDroneBody","m":0,"i":{"ib":0,"ed":false,"bah":0,"bas":0,"bar":0,"bad":0,"i":[{"i":123,"c":1},{"i":196,"c":1}],"e":[],"aes":0},"l":{"ml":[]},"vc":0,"cvrng":{"s0":3356711387378986062,"s1":17453517183860334076},"be":0,"nobsg":0,"obl":1,"nbl":0,"bxpnfcl":20,"lssme":0,"ms":[]}},{"mi":46,"m":{"bn":"FlameDroneBody","m":0,"i":{"ib":0,"ed":false,"bah":0,"bas":0,"bar":0,"bad":0,"i":[{"i":123,"c":1},{"i":196,"c":1}],"e":[],"aes":0},"l":{"ml":[]},"vc":0,"cvrng":{"s0":3356711387378986062,"s1":17453517183860334076},"be":0,"nobsg":0,"obl":1,"nbl":0,"bxpnfcl":20,"lssme":0,"ms":[]}},{"mi":34,"m":{"bn":"MissileDroneBody","m":0,"i":{"ib":0,"ed":false,"bah":0,"bas":0,"bar":0,"bad":0,"i":[{"i":123,"c":1},{"i":196,"c":1}],"e":[],"aes":0},"l":{"ml":[]},"vc":0,"cvrng":{"s0":3356711387378986062,"s1":17453517183860334076},"be":0,"nobsg":0,"obl":1,"nbl":0,"bxpnfcl":20,"lssme":0,"ms":[]}},{"mi":112,"m":{"bn":"Turret1Body","m":0,"i":{"ib":0,"ed":false,"bah":0,"bas":0,"bar":0,"bad":0,"i":[{"i":123,"c":1},{"i":196,"c":1}],"e":[],"aes":0},"l":{"ml":[]},"vc":0,"be":0,"nobsg":0,"obl":1,"nbl":0,"bxpnfcl":20,"lssme":0,"ms":[]}},{"mi":30,"m":{"bn":"Drone1Body","m":0,"i":{"ib":0,"ed":false,"bah":0,"bas":0,"bar":0,"bad":0,"i":[{"i":123,"c":1},{"i":196,"c":1}],"e":[],"aes":0},"l":{"ml":[]},"vc":0,"be":0,"nobsg":0,"obl":1,"nbl":0,"bxpnfcl":20,"lssme":0,"ms":[]}},{"mi":31,"m":{"bn":"Drone2Body","m":0,"i":{"ib":0,"ed":false,"bah":0,"bas":0,"bar":0,"bad":0,"i":[{"i":123,"c":1},{"i":196,"c":1}],"e":[],"aes":0},"l":{"ml":[]},"vc":0,"be":0,"nobsg":0,"obl":1,"nbl":0,"bxpnfcl":20,"lssme":0,"ms":[]}},{"mi":31,"m":{"bn":"Drone2Body","m":0,"i":{"ib":0,"ed":false,"bah":0,"bas":0,"bar":0,"bad":0,"i":[{"i":123,"c":1},{"i":196,"c":1}],"e":[],"aes":0},"l":{"ml":[]},"vc":0,"be":0,"nobsg":0,"obl":1,"nbl":0,"bxpnfcl":20,"lssme":0,"ms":[]}},{"mi":31,"m":{"bn":"Drone2Body","m":0,"i":{"ib":0,"ed":false,"bah":0,"bas":0,"bar":0,"bad":0,"i":[{"i":123,"c":1},{"i":196,"c":1}],"e":[],"aes":0},"l":{"ml":[]},"vc":0,"be":0,"nobsg":0,"obl":1,"nbl":0,"bxpnfcl":20,"lssme":0,"ms":[]}},{"mi":30,"m":{"bn":"Drone1Body","m":0,"i":{"ib":0,"ed":false,"bah":0,"bas":0,"bar":0,"bad":0,"i":[{"i":123,"c":1},{"i":196,"c":1}],"e":[],"aes":0},"l":{"ml":[]},"vc":0,"be":0,"nobsg":0,"obl":1,"nbl":0,"bxpnfcl":20,"lssme":0,"ms":[]}}]}},{"si":{"s":76561198061830603,"si":0},"sf":["1","661.566701170057","49","0","0","33117","0","885","216","393","10","1272","1272","11562.1274967666","11","11","1","1","0","11","11","11","11","0","0","0","0","0","0","0","0","0","0","1","0","0","0","0","0","1","0","0","1","0","0","0","0","0","0","0","0","0","0","0","0","0","0","0","0","0","0","0","0","0","0","0","0","0","0","0","0","0","0","0","0","0","0","0","0","0","0","0","0","0","0","0","0","0","0","0","0","0","0","0","0","0","0","0","0","0","0","0","0","0","0","0","0","0","0","0","0","0","0","0","0","0","0","0","0","0","0","0","0","0","0","0","0","0","0","0","0","0","0","0","0","0","0","0","0","0","0","0","0","0","0","0","661.533367834985","0","0","0","0","0","0","0","0","0","0","0","0","0","0","0","0","0","0","0","0","0","0","0","0","0","0","0","0","0","0","0","0","0","0","0","0","0","0","0","0","0","0","0","0","0","0","0","0","0","0","0","0","0","0","0","0","0","0","0","0","0","0","0","0","0","0","0","0","0","0","0","0","0","0","0","0","0","0","0","0","0","0","0","0","0","0","0","0","0","0","0","0","0","0","0","0","0","0","0","0","0","0","0","0","0","0","0","0","0","0","0","0","0","0","0","0","0","0","0","0","0","0","0","0","0","0","0","0","0","0","0","0","0","0","0","0","0","0","0","0","0","0","0","0","0","0","0","0","0","0","0","0","0","0","0","0","0","0","0","0","0","0","0","0","0","0","0","0","0","0","0","0","0","0","0","0","0","0","0","0","0","0","0","0","0","0","0","0","0","0","0","0","0","0","0","0","0","0","0","0","0","0","0","0","0","0","0","0","0","0","0","0","0","0","0","0","0","0","0","0","0","0","0","0","0","0","0","0","0","0","0","0","0","0","0","0","0","0","0","0","0","0","0","0","0","0","0","0","0","0","0","0","0","0","0","0","0","0","0","0","0","0","0","0","0","0","0","0","0","0","0","0","0","0","0","0","0","0","0","0","0","0","0","0","0","0","0","0","0","0","0","0","0","0","0","0","0","0","0","0","0","0","0","0","0","0","0","0","0","0","0","0","0","0","0","0","0","0","0","0","0","0","0","0","0","0","0","0","0","0","0","0","0","0","0","0","0","0","0","662.732299804688","0","0","0","0","0","0","0","0","0","0","0","0","0","0","0","0","0","0","0","0","0","0","0","0","0","0","0","0","0","0","0","0","0","0","0","0","0","0","0","0","0","0","0","0","0","0","0","0","0","0","0","0","0","0","0","0","0","0","0","0","0","0","0","0","0","0","0","0","0","0","0","0","0","0","0","0","0","0","0","0","0","0","1333","0","0","0","17288","0","0","0","0","0","0","0","0","0","0","0","0","0","0","0","0","0","0","0","0","0","0","0","0","0","0","0","0","0","0","0","0","0","0","0","0","0","212","0","0","0","0","0","0","0","0","0","3755","0","0","0","0","1878","0","0","0","0","0","0","0","0","0","0","0","1318","0","0","0","0","0","0","0","0","0","0","0","0","0","0","0","0","0","0","0","0","0","0","0","0","0","0","0","0","0","0","0","0","0","0","0","0","0","0","0","0","0","0","0","0","0","0","0","0","0","0","0","0","0","0","0","0","0","0","0","0","0","0","0","0","0","0","0","0","0","0","0","5773","318","0","0","0","0","0","0","0","0","0","0","0","0","0","1242","0","0","0","0","0","0","0","0","0","0","0","0","0","0","0","0","0","0","0","0","0","0","0","0","0","0","0","0","0","0","0","0","0","0","0","0","0","0","0","0","0","0","0","0","0","0","0","0","0","0","0","0","0","0","0","0","0","0","0","0","0","0","0","0","0","0","0","0","0","0","0","0","0","0","0","0","0","0","0","0","0","0","0","0","0","0","0","0","0","0","0","0","0","0","0","0","0","0","0","0","33117","0","0","0","0","0","0","0","0","0","0","0","0","0","0","0","0","0","0","0","0","0","0","0","0","0","0","0","0","0","0","0","0","0","0","0","0","0","0","0","0","0","0","0","0","0","0","0","0","0","0","0","0","0","0","0","0","0","0","0","0","0","0","0","0","0","0","0","0","0","0","0","0","0","0","0","0","0","0","0","0","0","0","0","0","0","0","0","0","0","0","0","0","0","0","0","0","0","0","0","0","0","0","0","0","0","0","0","0","0","0","0","0","0","0","0","0","0","0","0","0","0","0","0","0","0","0","0","0","0","0","0","0","0","0","0","0","0","0","0","0","0","0","0","0","0","0","0","0","0","0","0","0","0","0","0","0","0","0","0","0","0","0","0","0","0","0","0","0","0","0","0","0","0","0","0","0","0","0","0","0","0","0","0","0","0","0","0","0","0","0","0","0","0","0","0","0","0","0","0","0","0","0","0","0","0","0","0","0","0","0","0","0","0","0","0","0","0","0","0","0","0","0","0","0","0","0","0","0","0","0","0","0","0","0","0","0","0","0","0","0","0","0","0","0","0","0","0","0","0","0","0","0","91","0","0","0","454","0","0","0","0","0","0","0","0","0","0","0","0","0","0","0","0","0","0","0","0","0","0","0","0","0","0","0","0","0","0","0","0","0","0","0","0","0","0","0","0","0","0","0","0","0","0","0","80","0","0","0","0","0","0","0","0","0","0","0","0","0","0","0","0","62","0","0","0","0","0","0","0","0","0","0","0","0","0","0","0","0","0","0","0","0","0","0","0","0","0","0","0","0","0","0","0","0","0","0","0","0","0","0","0","0","0","0","0","0","0","0","0","0","0","0","0","0","0","0","0","0","0","0","0","0","0","0","0","0","0","0","0","0","0","0","0","0","0","0","0","0","0","0","0","0","0","0","0","0","0","0","86","0","0","0","0","0","0","0","0","0","0","0","0","0","0","0","0","0","0","0","0","0","0","0","0","0","0","0","0","0","0","0","0","0","0","0","0","0","0","0","0","0","0","0","0","0","0","0","0","0","0","0","0","0","0","0","0","0","0","0","0","0","0","0","0","0","0","0","0","0","0","0","0","0","0","0","0","0","0","0","0","0","0","0","0","0","0","0","0","0","0","0","0","0","0","0","0","0","0","0","0","885","0","0","0","0","0","0","0","0","0","0","0","0","0","0","0","0","0","0","0","0","0","0","0","0","0","0","0","0","0","0","0","0","0","0","0","0","0","0","0","0","0","0","0","0","0","0","0","0","0","0","0","0","0","0","0","0","0","0","0","0","0","0","0","0","0","0","0","0","0","0","0","0","0","0","0","0","0","0","0","0","0","0","5","0","0","0","8","0","0","0","0","0","0","0","0","0","0","0","0","0","0","0","0","0","0","0","0","0","0","0","0","0","0","0","0","0","0","0","0","0","0","0","0","0","4","0","0","0","0","0","0","0","0","0","4","0","0","0","0","1","0","0","0","0","0","0","0","0","0","0","0","10","0","0","0","0","0","0","0","0","0","0","0","0","0","0","0","0","0","0","0","0","0","0","0","0","0","0","0","0","0","0","0","0","0","0","0","0","0","0","0","0","0","0","0","0","0","0","0","0","0","0","0","0","0","0","0","0","0","0","0","0","0","0","0","0","0","0","0","0","0","0","0","1","3","0","0","0","0","0","0","0","0","0","0","0","0","0","13","0","0","0","0","0","0","0","0","0","0","0","0","0","0","0","0","0","1","0","0","0","0","0","0","0","0","0","0","0","0","0","0","0","0","0","0","0","0","0","0","0","0","0","0","0","0","0","0","0","0","0","0","0","0","0","0","0","0","0","0","0","0","0","0","0","0","0","0","0","0","0","0","0","0","0","0","0","0","0","0","0","0","0","0","0","0","0","0","0","0","0","0","0","0","0","0","0","0","0","0","0","0","0","0","0","0","0","0","0","0","0","0","0","0","0","0","0","0","0","0","0","0","0","0","0","0","0","0","0","0","0","0","0","0","0","0","0","0","0","0","0","0","0","0","0","0","0","0","0","0","0","0","0","0","0","0","0","0","0","0","0","0","0","0","0","0","0","0","0","0","0","0","0","0","0","0","0","0","0","0","0","0","0","0","0","0","0","0","0","0","0","0","0","0","0","0","0","0","0","0","0","0","0","0","0","0","0","0","0","0","0","0","0","0","0","0","0","0","0","0","0","0","0","0","0","0","0","0","0","0","0","0","0","0","0","0","0","0","0","0","0","0","0","0","0","0","0","0","0","0","0","0","0","0","0","0","0","0","0","0","0","0","0","0","0","0","0","0","0","0","0","0","0","0","0","0","0","0","0","0","0","0","0","0","0","0","0","0","0","0","0","0","0","0","0","0","0","0","0","0","0","0","0","0","0","0","0","0","0","0","0","0","0","0","0","0","0","0","0","0","0","0","0","0","0","0","0","0","0","0","0","0","0","0","0","0","0","0","0","0","0","0","0","0","0","0","0","0","0","0","0","0","0","0","0","0","0","0","0","0","0","0","0","0","0","0","0","0","0","0","0","0","0","0","0","0","0","0","0","0","0","0","0","0","0","0","0","0","0","0","0","0","0","0","0","0","0","0","0","0","0","0","0","0","0","0","0","0","0","0","0","0","0","0","0","0","0","0","0","0","0","0","0","0","0","0","0","0","0","0","0","0","0","0","0","0","0","0","0","0","49","0","0","0","0","0","0","0","0","0","0","0","0","0","0","0","0","0","0","0","0","0","0","0","0","0","0","0","0","0","0","0","0","0","0","0","0","0","0","0","0","0","0","0","0","0","0","0","0","0","0","0","0","0","0","0","0","0","0","0","0","0","0","0","0","0","0","0","0","0","0","0","0","0","0","0","0","0","0","0","0","0","0","0","0","0","0","0","0","0","0","0","0","0","0","0","0","0","0","0","0","0","0","0","0","0","0","0","0","0","0","0","0","0","0","0","0","0","0","0","0","0","0","0","0","0","0","0","0","0","0","0","0","0","0","0","0","0","0","0","0","0","0","0","0","0","0","0","0","0","0","0","0","0","0","0","0","0","0","0","0","0","0","0","0","0","0","0","0","0","0","0","0","0","0","0","0","0","0","0","0","0","0","0","0","0","0","0","0","0","0","0","0","0","0","0","0","0","0","0","0","0","0","0","0","0","0","0","0","0","0","0","0","0","0","0","0","0","0","0","0","0","0","0","0","0","0","0","0","0","0","0","0","0","0","0","0","0","0","0","0","0","0","0","0","0","0","0","0","0","0","0","0","0","0","0","0","0","0","0","0","0","0","0","0","0","0","0","0","0","0","0","0","0","0","0","0","0","0","0","0","0","0","0","0","0","0","0","0","0","0","0","0","0","0","0","0","0","0","0","0","0","0","0","0","0","0","0","0","0","0","0","0","0","0","0","0","0","0","0","0","0","0","0","0","0","0","0","0","0","0","0","0","0","0","0","0","0","0","0","0","0","0","0","0","0","0","0","0","0","0","0","0","0","0","0","0","0","0","0","0","0","0","0","0","0","0","0","0","0","0","0","0","0","0","0","0","0","0","0","0","0","0","0","0","0","0","0","0","0","0","0","0","0","0","0","0","0","0","0","0","0","0","0","0","0","0","0","0","0","0","0","0","0","0","0","0","0","0","0","0","0","0","0","0","0","0","0","0","0","0","0","0","0","0","0","0","0","0","0","0","0","0","0","0","0","0","0","0","0","0","0","0","0","0","0","0","0","0","0","0","0","0","0","0","0","0","0","0","0","0","0","0","0","0","0","0","0","0","0","0","0","0","0","0","0","0","0","0","0","0","0","0","0","0","0","0","0","0","0","0","0","0","0","0","0","0","0","0","0","1","0","0","0","0","0","0","0","0","0","0","0","0","0","0","0","0","0","0","0","0","0","0","0","0","0","0","0","0","0","0","0","0","0","0","0","0","0","0","0","0","0","0","0","0","0","0","0","0","0","0","0","0","0","0","0","0","0","0","0","0","0","0","0","0","0","0","0","0","0","0","0","0","0","0","0","0","0","0","0","0","0","0","0","0","0","0","0","0","0","0","0","0","0","0","0","0","0","0","0","0","0","0","0","0","0","0","0","0","0","0","0","0","0","0","0","0","0","0","0","0","0","0","0","0","0","0","0","0","0","0","0","0","0","0","0","0","0","0","0","0","0","0","0","0","0","0","0","0","0","0","0","0","0","0","0","0","0","0","0","0","0","0","0","0","0","0","0","0","0","0","0","0","0","0","0","0","0","0","0","0","0","0","0","0","0","0","0","0","0","0","0","0","0","0","0","0","0","0","0","0","0","0","0","0","0","0","0","0","0","0","0","0","0","0","0","0","0","0","0","0","0","0","0","0","0","0","0","0","0","0","0","0","0","0","0","0","0","0","0","0","0","0","0","0","0","0","0","0","0","0","0","0","0","0","0","0","0","0","0","0","0","0","0","0","0","0","0","0","0","0","0","0","0","0","0","0","0","0","0","0","0","0","0","0","0","0","0","0","0","0","0","0","0","0","0","0","0","0","0","0","0","0","0","0","0","0","0","0","0","0","0","0","0","0","0","0","0","0","0","0","0","0","0","0","0","0","0","0","0","0","0","0","0","0","0","0","0","0","0","0","0","0","0","0","0","0","0","0","0","0","0","0","0","0","0","0","0","0","0","0","0","0","0","0","0","0","0","0","0","0","0","0","0","0","0","0","0","0","0","0","0","0","0","0","0","0","0","0","0","0","0","0","0","0","0","0","0","0","0","0","0","0","0","0","0","0","0","0","0","0","0","0","0","0","0","0","0","0","0","0","0","0","0","0","0","0","0","0","0","0","0","0","0","0","0","0","0","0","0","0","0","0","0","0","0","0","0","0","0","0","0","0","0","0","0","0","0","0","0","0","0","0","0","0","0","0","0","0","0","0","0","0","0","0","0","0","0","0","0","0","0","0","0","0","0","0","0","0","0","0","0","0","0","0","0","0","0","0","0","0","0","0","0","0","0","0","0","0","0","0","0","0","0","0","0","0","0","0","0","0","0","0","0","0","0","0","0","0","0","0","0","0","0","0","0","0","0","0","0","0","0","0","0","0","0","0","0","0","0","0","0","0","0","0","0","0","0","0","0","0","0","0","0","0","0","0","0","0","0","0","0","0","0","0","0","0","0","0","0","0","0","0","0","1","0","0","0","0","0","0","0","0","0","0","0","0","0","0","0","0","0","0","0","0","0","1","0","0","0","0","0","0","0","0","0","0","0","0","0","0","0","0","0","0","0","0","0","0","0","0","0","0","0","0","0","0","0","0","0","0","0","0","0","0","0","0","0","0","0","0","0","0","0","1","0","0","0","0","0","0","0","0","0","0","1","0","0","0","0","0","0","0","0","0","0","0","0","0","0","0","0","0","0","0","0","0","0","0","0","0","0","0","0","0","0","0","0","0","0","0","0","0","0","0","0","0","0","1","0","0","0","0","0","2","0","0","1","0","0","0","0","0","0","0","0","0","0","0","0","0","0","0","0","0","0","0","1","0","0","0","0","0","0","0","0","0","0","0","0","0","0","0","0","0","0","0","0","0","0","0","0","2","0","0","0","0","0","0","0","0","0","0","0","0","0","0","0","0","0","0","0","0","0","0","0","0","1","0","0","0","0","0","0","0","0","0","0","0","0","0","0","0","0","0","0","0","0","0","1","0","0","0","0","0","0","0","0","0","0","0","0","0","0","0","0","0","0","0","0","0","0","0","0","0","0","0","0","0","0","0","0","0","0","0","0","0","0","0","0","0","0","0","0","0","0","0","1","0","0","0","0","0","0","0","0","0","0","1","0","0","0","0","0","0","0","0","0","0","0","0","0","0","0","0","0","0","0","0","0","0","0","0","0","0","0","0","0","0","0","0","0","0","0","0","0","0","0","0","0","0","1","0","0","0","0","0","2","0","0","1","0","0","0","0","0","0","0","0","0","0","0","0","0","0","0","0","0","0","0","1","0","0","0","0","0","0","0","0","0","0","0","0","0","0","0","0","0","0","0","0","0","0","0","0","2","0","0","0","0","0","0","0","0","0","0","0","0","0","0","0","0","0","0","0","0","0","0","146.233340959996","0","0","0","0","0","0","0","0","0","0","0","0","0","0","0","0","0","0","0","0","0","0","0","0","0","0","0","0","0","0","0","0","0","0","0","0","0","0","0","0","0","0","0","0","0","0","0","0","0","0","0","0","0","0","2","0","0","0","0","0","0","0","0","0","0","0","0","0","0","0","0","0","0","0","0","0","0","0","0","0","0","0","0","0","0","0","0","0","0","0","0","0","0","0","0","0","0","0","0","0","0","0","0","0","0","0","0","0","0","0","0","0","0","0","0","0","0","0","1","0","0","0","0","0","0","0","1","0","0","0","0","0","0","0","0","0","0","0","0","0","0","0","0","0","0","0","0","0","0","0","0","0","0","0","0","0","0","0","0","0","0","0","0","0","0","0","0","0","0","0","0","0","0","0","0","0","1","0","0","0","0","0","0","0","0","0","0","0","0","0","0","0","0","0","0","0","0","0","0","0","0","0","0","0","0","0","0","0","0","0","0","0","0","0","0","0","0","0","0","0","0","0","0","0"],"su":[],"lc":47,"lccm":0.5,"m":{"bn":"MercBody","m":0,"i":{"ib":0,"ed":false,"bah":0,"bas":0,"bar":0,"bad":0,"i":[{"i":127,"c":1},{"i":84,"c":1},{"i":25,"c":1},{"i":133,"c":2},{"i":3,"c":1},{"i":156,"c":1},{"i":136,"c":1},{"i":181,"c":2}],"e":[{"i":1,"c":1,"cft":Infinity}],"aes":0},"l":{"ml":[{"bi":10,"sp":0,"sps":[1,0,0,0]},{"bi":50,"sp":0,"sps":[0,1,0,1]},{"bi":99,"sp":3,"sps":[0,0,0,0]}]},"vc":0,"cvrng":{"s0":4473634941658550597,"s1":17497355237401857408},"be":0,"nobsg":0,"obl":1,"nbl":0,"bxpnfcl":20,"lssme":0,"ms":[]}}],"md":{},"ch":"mgTkr9O8XOkVUrZ6xgeZkw=="}