{"r":{"s":8604302871486261462,"d":2,"ft":2308.195,"t":2308.21,"ip":true,"offt":2296.648,"scc":4,"sn":"skymeadow","nsn":"skymeadow","im":{"array":[false,false,true,true,true,true,true,true,false,true,true,true,true,true,true,true,true,true,true,true,false,false,false,false,false,true,true,false,true,true,true,true,true,false,false,false,true,true,true,false,true,false,true,true,false,false,true,false,false,false,true,false,true,true,true,true,true,true,true,false,true,false,false,false,true,true,true,true,true,true,true,true,false,true,false,true,true,true,false,false,true,true,true,false,true,true,false,false,true,true,true,true,true,false,true,false,false,true,false,true,false,false,true,true,false,false,true,false,false,false,false,true,true,true,true,true,true,true,false,false,true,false,false,false,true,true,true,false,true,true,true,true,true,true,false,true,true,false,true,true,true,true,true,true,true,false,false,true,true,true,true,true,false,true,false,true,true,false,true,false,true,false,true,true,true,true,true,true,true,false,true,true,true,true,true,true,true,true,true,false,true,true,true,true,false,false,false,false,false,true,true,false,true,true,true,false,false,true,true,false,false,false,true]},"em":{"array":[true,true,true,false,true,true,true,true,true,true,true,false,false,false,false,false,false,false,false,false,false,false,false,false,false,true,true,true,true,false,true,true,false,false,false,true,true,true,false,false,true,true,true,false,false,true,false,true,true,true,false,false,true,true,true]},"spc":2,"ef":[],"rr":{"rr":{"s0":3356711387378986062,"s1":17453517183860334076},"nsr":{"s0":4537564557163196900,"s1":16914821222109262739},"srg":{"s0":6247445309388650408,"s1":15246757478274816658}},"ta":-1,"rb":{"rv":[2,0,1,1,1,1,1,1,1,1,1,1,1,1,1,1,1,1,1,1,1,1,0,0,0,0,0,0,0,0,1,0,0,0,0,0,0,0,0,1,1,1,0,0,0,1,0,0,0,0,0,0,0,0,0,0,0,0,0,0,0,0,0,0,0,0,1,1,0,0,0,1,0,1,0,0,1,0,0,0,0,0,0,0,0,0,0,0,0,0,1,0,1,1,0,0,0,0,1,0,0,0,0,0,0,0,0,0,1,0,0,0,0,1,0,1,0,0,0,0,0,1,0,0,1,0,0,1,0,0,0,0,1,0,0,0,0,0,0,0,0,1,0,0,0,0,0,0,0,0,0,0,0,0,0,0,0,0,0,0,0,0,0,0,0,0,0,0,0,0,0,0,0,0,0,0,0,0,0,0,0,0,0,0,0,0,0,0,0,0,0,0,1,0,0,0,0,0,0,0,0,0,0,0,0,0,1,0,1,1]}},"t":{"e":69322},"ra":{"a":[false,false,false,false,false,false,false,false,false,false,false,false,false,false,false,false,false,false,false]},"a":{"ed":{"sier":{"s0":6995925649606461119,"s1":6818409841443732596},"saer":{"s0":16199260879296277376,"s1":7290854460228895465}}},"p":[{"si":{"s":76561198090763547,"si":0},"sf":["1","2294.36678632721","302","91","0","424963","163454","5620","6386","3960","18","23728","23728","30672.6281917768","93","93","4","4","0","90","90","58","58","8","8","0","0","18","18","0","0","0","0","13","4","20","0","0","0","33","0","0","8","0","0","0","0","0","0","0","0","0","0","0","0","0","0","0","0","0","0","0","0","0","0","0","0","0","0","0","0","0","0","0","0","0","0","0","0","0","0","0","0","0","0","0","0","0","0","0","0","0","0","0","0","0","0","0","0","0","0","0","0","0","0","0","0","0","0","0","0","0","0","0","0","0","0","0","0","0","0","0","0","0","0","0","0","0","0","0","0","0","0","0","0","0","0","0","0","0","0","0","0","0","0","0","0","0","0","0","0","0","0","0","0","0","0","0","0","0","0","0","0","0","0","0","0","0","0","0","0","0","0","0","0","0","0","0","0","0","0","0","0","0","0","0","0","0","0","0","0","0","0","0","0","0","0","0","0","0","0","0","0","0","0","0","0","0","0","0","0","0","2294.30011965707","0","0","0","0","0","0","0","0","0","0","0","0","0","0","0","0","0","0","0","0","0","0","0","0","0","0","0","0","0","0","0","0","0","0","0","0","0","0","0","0","0","0","0","0","0","0","0","0","0","0","0","0","0","0","0","0","0","0","0","0","0","0","0","0","0","0","0","0","0","0","0","0","0","0","0","0","0","0","0","0","0","0","0","0","0","0","0","0","0","0","0","0","0","0","0","0","0","0","0","0","0","0","0","0","0","0","0","0","0","0","0","0","0","0","0","0","0","0","0","0","0","0","0","0","0","0","0","0","0","0","0","0","0","0","0","0","0","0","0","0","0","0","0","0","0","0","0","0","0","0","0","0","0","0","0","0","0","0","0","0","0","0","0","0","0","0","0","0","0","0","0","0","0","0","0","0","0","0","0","0","0","0","0","0","0","0","0","0","0","0","0","0","0","0","0","0","0","0","0","0","0","0","0","0","0","0","0","0","0","0","0","0","0","0","0","0","0","0","0","0","0","0","0","0","0","0","0","0","0","0","0","0","0","0","0","0","0","0","0","0","0","0","0","0","0","0","0","0","0","0","0","0","0","0","0","0","0","0","0","0","0","0","0","0","0","0","0","0","0","0","0","0","0","0","0","0","0","0","0","0","0","0","0","0","0","0","0","0","0","0","0","0","0","0","0","0","0","0","0","0","0","0","0","0","0","0","0","0","0","0","0","0","0","0","0","0","0","0","0","0","0","0","0","0","0","0","0","0","0","0","0","0","0","0","0","0","0","0","0","2296.61450195313","0","0","0","0","1804","466","0","0","0","0","0","0","0","0","0","0","16688","0","0","0","5324","0","0","0","0","0","15611","0","0","0","0","0","0","0","0","0","0","86598","0","0","0","0","0","0","0","0","0","0","0","0","0","0","0","0","0","0","0","0","150","0","0","0","0","0","10887","0","18394","13343","92772","0","0","0","0","11635","17846","0","0","0","0","0","0","0","18479","0","8568","10732","0","0","0","0","0","0","0","0","0","0","0","0","0","0","0","0","0","0","43564","0","0","0","0","0","0","0","0","0","0","0","0","0","0","0","0","0","0","0","0","0","0","0","0","0","0","0","0","0","0","0","0","0","0","0","0","0","0","0","0","0","0","0","0","0","21742","0","0","0","0","0","0","2130","0","22854","0","0","791","0","0","0","0","0","0","0","0","0","4585","0","0","0","0","0","0","0","0","0","0","0","0","0","0","0","0","0","0","0","0","0","0","0","0","0","0","0","0","0","0","0","0","0","0","0","0","0","0","0","0","0","0","0","0","0","0","0","0","0","0","0","0","0","0","0","0","0","0","0","0","0","0","0","0","0","0","0","0","0","0","0","0","0","0","0","0","0","0","0","0","0","0","0","0","0","0","0","0","0","0","0","0","0","0","0","0","0","0","0","0","0","0","0","0","0","0","0","0","0","0","0","0","0","0","0","0","0","0","0","0","0","0","0","0","0","0","0","0","0","0","0","0","0","0","0","0","0","0","0","0","0","0","0","0","0","0","0","0","0","0","0","0","0","0","0","0","0","0","0","0","0","0","0","0","0","0","424963","0","0","0","0","0","0","0","0","0","0","0","0","0","0","0","0","0","0","0","0","0","0","0","0","0","0","0","0","0","0","0","0","0","0","0","0","0","0","0","0","0","0","0","0","0","0","0","0","0","0","0","0","0","0","0","0","0","0","0","0","0","0","0","0","0","0","0","0","0","0","0","0","0","0","0","0","0","0","0","0","0","0","0","0","0","0","0","0","0","0","0","0","0","0","0","0","0","0","0","0","0","0","0","0","0","0","0","0","0","0","0","0","0","0","0","0","0","0","0","0","0","0","0","0","0","0","0","0","0","0","0","0","0","0","0","0","0","0","0","0","0","0","0","0","0","0","0","0","0","0","0","0","0","0","0","0","0","0","0","0","0","0","0","0","0","0","0","0","0","163454","0","0","0","0","65","0","0","0","0","0","0","0","0","0","0","0","50","0","0","0","0","0","0","0","0","0","40","0","0","0","0","0","0","0","0","0","0","442","0","0","0","0","0","0","0","0","0","0","0","0","0","0","0","0","0","0","0","0","74","0","0","0","0","0","405","0","31","0","147","0","0","0","0","0","90","0","0","0","0","0","0","0","36","0","0","125","0","0","0","0","0","0","0","0","0","0","0","0","0","0","0","0","0","0","124","0","0","0","0","0","0","0","0","0","0","0","0","0","0","0","0","0","0","0","0","0","0","0","0","0","0","0","0","0","0","0","0","0","0","0","0","0","0","0","0","0","0","0","0","0","213","0","0","0","0","0","0","104","0","38","0","0","23","0","0","0","0","0","0","0","0","0","136","0","0","0","0","0","0","0","0","0","0","0","0","0","0","0","0","0","0","0","0","0","0","0","0","0","0","0","0","0","0","0","0","0","0","0","0","0","0","0","0","0","0","0","0","0","0","0","0","0","0","0","0","0","0","0","0","0","0","0","0","0","0","0","0","0","0","0","0","0","0","0","0","0","0","0","0","0","0","0","0","0","0","0","0","0","0","0","0","0","0","0","0","0","0","0","0","0","0","0","0","0","0","0","0","0","0","0","0","0","0","0","0","0","0","0","0","0","0","0","0","0","0","0","0","0","0","0","0","0","0","0","0","0","0","0","0","0","0","0","0","0","0","0","0","0","0","0","0","0","0","0","0","0","0","0","0","0","0","0","0","0","0","0","0","0","0","5620","0","0","0","0","4","2","0","0","0","0","0","0","0","0","0","0","37","0","0","0","3","0","0","0","0","0","7","0","0","0","0","0","0","0","0","0","0","5","0","0","0","0","0","0","16","0","0","0","0","0","0","0","0","0","0","0","0","0","2","0","0","0","0","0","21","0","4","6","31","0","0","0","0","3","2","0","0","0","0","0","0","0","18","0","12","36","0","0","0","0","0","0","0","0","0","0","0","0","0","0","0","0","0","0","15","0","0","0","0","0","0","0","0","0","0","0","0","0","0","0","0","0","0","0","0","0","0","0","0","0","0","0","0","0","0","0","0","0","0","0","0","0","0","0","0","0","0","0","0","0","3","0","0","0","0","0","0","0","0","40","0","0","1","0","0","0","0","0","0","0","0","0","34","0","0","0","0","0","0","0","0","0","0","0","0","0","9","0","0","0","0","0","0","0","0","0","0","0","0","0","0","0","0","0","0","0","0","0","0","0","0","0","0","0","0","0","0","0","0","0","0","0","0","0","0","0","0","0","0","0","0","0","0","0","1","0","2","2","1","0","0","0","0","0","1","0","0","0","0","0","0","0","3","0","1","4","0","0","0","0","0","0","0","0","0","0","0","0","0","0","0","0","0","0","1","0","0","0","0","0","0","0","0","0","0","0","0","0","0","0","0","0","0","0","0","0","0","0","0","0","0","0","0","0","0","0","0","0","0","0","0","0","0","0","0","0","0","0","0","0","0","0","0","0","0","0","0","0","0","3","0","0","0","0","0","0","0","0","0","0","0","0","5","0","0","0","0","0","0","0","0","0","0","0","0","0","0","0","0","0","0","0","0","0","0","0","0","0","0","0","0","0","0","0","0","0","0","0","0","0","0","0","0","0","0","0","0","0","0","0","0","0","0","0","0","0","0","0","0","0","0","0","0","0","0","0","0","0","0","0","0","0","0","0","0","0","0","0","0","0","0","0","0","0","0","0","0","0","0","0","0","0","0","0","0","0","0","0","0","0","0","0","0","0","0","0","0","0","0","0","0","0","0","0","0","0","0","0","0","0","0","0","0","0","0","0","0","0","0","0","0","0","0","0","0","0","0","0","0","0","0","0","0","0","0","0","0","0","0","0","0","0","0","0","0","0","0","0","0","0","0","0","0","0","0","0","0","0","0","0","0","0","0","0","0","0","0","0","0","0","0","0","0","0","0","0","0","0","0","0","0","0","0","0","0","0","0","0","0","0","0","0","0","0","0","0","0","0","0","0","0","0","0","0","0","0","0","0","0","0","0","0","0","0","0","0","0","0","0","0","0","0","0","0","0","0","0","0","0","0","0","0","0","0","0","0","0","0","0","0","0","0","0","0","0","0","0","0","0","0","0","0","0","0","0","0","0","0","0","0","0","0","0","0","0","0","0","0","0","0","0","0","0","0","0","0","0","0","0","0","0","0","0","0","0","0","0","0","0","0","0","0","0","0","0","0","0","0","0","0","0","0","0","0","0","0","0","0","0","0","0","0","0","0","0","0","0","0","0","0","0","0","0","0","0","0","0","0","0","302","0","0","0","0","0","0","0","0","0","0","0","0","0","0","0","0","0","0","0","0","0","0","0","0","0","0","0","0","0","0","0","0","0","0","0","0","0","0","0","0","0","0","0","0","0","0","0","0","0","0","0","0","0","0","0","0","0","0","0","0","0","0","0","0","0","0","0","0","0","0","0","0","0","0","0","0","0","0","0","0","0","0","0","0","0","0","0","0","0","0","0","0","0","0","0","0","0","0","0","0","0","0","0","0","0","0","0","0","0","0","0","0","0","0","0","0","0","0","0","0","0","0","0","0","0","0","0","0","0","0","0","0","0","0","0","0","0","0","0","0","0","0","0","0","0","0","0","0","0","0","0","0","0","0","0","0","0","0","0","0","0","0","0","0","0","0","0","0","0","91","0","0","0","0","0","0","0","0","0","0","0","0","0","0","0","0","0","0","0","0","0","0","0","0","0","0","0","0","0","0","0","0","0","0","0","0","0","0","0","0","0","0","0","0","0","0","0","0","0","0","0","0","0","0","0","0","0","0","0","0","0","0","0","0","0","0","0","0","0","0","0","0","0","0","0","0","0","0","0","0","0","0","0","0","0","0","0","0","0","0","0","0","0","0","0","0","0","0","0","0","0","0","0","0","0","0","0","0","0","0","0","0","0","0","0","0","0","0","0","0","0","0","0","0","0","0","0","0","0","0","0","0","0","0","0","0","0","0","0","0","0","0","0","0","0","0","0","0","0","0","0","0","0","0","0","0","0","0","0","0","0","0","0","0","0","0","0","0","0","0","0","0","0","0","0","0","0","0","0","0","0","0","0","0","0","0","0","0","0","0","0","0","0","0","0","0","0","0","0","0","0","0","0","0","0","0","0","0","0","0","0","0","0","0","0","0","0","0","0","0","0","0","0","0","0","0","0","0","0","0","0","0","0","0","0","0","0","0","0","0","0","0","0","0","0","0","0","0","0","0","0","0","0","0","0","0","0","0","0","0","0","0","0","0","0","0","0","0","0","0","0","0","0","0","0","0","0","0","0","0","0","0","0","0","0","0","0","0","0","0","0","0","0","0","0","0","0","0","0","0","0","0","0","0","0","0","0","0","0","0","0","0","0","0","0","0","0","0","0","0","0","0","0","0","0","0","0","0","0","0","0","0","0","0","0","0","0","0","0","1","0","0","0","0","0","0","0","0","0","0","0","0","0","0","0","0","0","0","0","0","0","0","0","0","0","0","0","0","0","0","0","0","0","0","0","0","0","0","0","0","0","0","0","0","0","0","0","0","0","0","0","0","0","0","0","0","0","0","0","0","0","0","0","0","0","0","0","0","0","0","0","0","0","0","0","0","0","0","0","0","0","0","0","0","0","0","0","0","0","0","0","0","0","0","0","0","0","0","0","0","0","0","0","0","0","0","0","0","0","0","0","0","0","0","0","0","0","0","0","0","0","0","0","0","0","0","0","0","0","0","0","0","0","0","0","0","0","0","0","0","0","0","0","0","0","0","0","0","0","0","0","0","0","0","0","0","0","0","0","0","0","0","0","0","0","0","0","0","0","0","0","0","0","0","0","0","0","0","0","0","0","0","0","0","0","0","0","0","0","0","0","0","0","0","0","0","0","0","0","0","0","0","0","0","0","0","0","0","0","0","0","0","0","0","0","0","0","0","0","0","0","0","0","0","0","0","0","0","0","0","0","0","0","0","0","0","0","0","0","0","0","0","0","0","0","0","0","0","0","0","0","0","0","0","0","0","0","0","0","0","0","0","0","0","0","0","0","0","0","0","0","0","0","0","0","0","0","0","0","0","0","0","0","0","0","0","0","0","0","0","0","0","0","0","0","0","0","0","0","0","0","0","0","0","0","0","0","0","0","0","0","0","0","0","0","0","0","0","0","0","0","0","0","0","0","0","0","0","0","0","0","0","0","0","0","0","0","0","0","0","0","0","0","0","0","0","0","0","0","0","0","0","0","0","0","0","0","0","0","0","0","0","0","0","0","0","0","0","0","0","0","0","0","0","0","0","0","0","0","0","0","0","0","0","0","0","0","0","0","0","0","0","0","0","0","0","0","0","0","0","0","0","0","0","0","0","0","0","0","0","0","0","0","0","0","0","0","0","0","0","0","0","0","0","0","0","0","0","0","0","0","0","0","0","0","0","0","0","0","0","0","0","0","0","0","0","0","0","0","0","0","0","0","0","0","0","0","0","0","0","0","0","0","0","0","0","0","0","0","0","0","0","0","0","0","0","0","0","0","0","0","0","0","0","0","0","0","0","0","0","0","0","0","0","0","0","0","0","0","0","0","0","0","0","0","0","0","0","0","0","0","0","0","0","0","0","0","0","0","0","9","0","0","1","0","0","8","0","0","0","1","0","0","1","0","0","0","0","0","1","0","0","0","2","2","0","0","0","0","0","0","0","1","0","3","0","0","0","0","0","0","0","0","0","0","0","0","0","0","1","0","0","0","0","0","0","0","0","0","1","1","0","1","3","0","1","1","0","0","0","0","0","0","0","0","0","0","0","1","0","0","0","1","1","0","1","0","0","0","0","0","1","0","0","0","0","2","0","0","0","2","0","0","0","0","0","0","0","0","0","0","0","0","0","3","0","0","0","0","0","1","1","0","0","0","2","0","2","0","0","1","0","2","0","0","0","1","0","0","0","0","1","0","0","0","0","0","0","0","0","2","0","0","0","15","0","0","0","0","0","0","0","0","0","0","0","0","1","0","0","0","3","0","0","1","0","0","0","0","0","0","0","0","0","0","0","0","6","0","0","0","0","0","4","0","0","0","0","0","0","0","0","0","9","0","0","1","0","0","8","0","0","0","1","0","0","1","0","0","0","0","0","1","0","0","0","1","2","0","0","0","0","0","0","0","1","0","3","0","0","0","0","0","0","0","0","0","0","0","0","0","0","1","0","0","0","0","0","0","0","0","0","1","1","0","1","2","0","1","1","0","0","0","0","0","0","0","0","0","0","0","1","0","0","0","1","1","0","1","0","0","0","0","0","1","0","0","0","0","2","0","0","0","2","0","0","0","0","0","0","0","0","0","0","0","0","0","2","0","0","0","0","0","1","1","0","0","0","1","0","2","0","0","1","0","2","0","0","0","1","0","0","0","0","1","0","0","0","0","0","0","0","0","2","0","0","0","7","0","0","0","0","0","0","0","0","0","0","0","0","1","0","0","0","1","0","0","1","0","0","0","0","0","0","0","0","0","0","0","0","4","0","0","0","0","0","1","0","0","0","0","0","0","0","0","961.933383502066","0","0","0","140.150007309392","0","0","0","0","0","0","0","0","0","0","0","0","0","0","0","0","0","0","0","0","0","789.316707832739","0","0","0","19.7500010300428","0","0","0","0","0","0","0","0","0","0","0","0","0","0","0","0","0","0","0","0","0","0","0","0","4","0","0","0","2","0","0","0","0","0","0","0","0","0","0","0","0","0","0","0","0","0","0","0","0","0","7","0","0","0","1","0","0","0","0","0","0","0","0","0","0","0","0","0","0","0","0","0","0","0","0","0","0","0","0","0","0","0","0","0","1","0","0","0","0","1","0","0","1","0","0","0","0","0","0","0","0","0","0","0","0","0","0","0","0","0","0","0","0","0","0","0","0","1","0","0","0","0","0","0","0","0","0","0","0","0","0","0","0","0","0","0","0","0","0","0","0","0","1","0","0","0","0","1","0","0","1","0","0","0","0","0","0","0","0","0","0","0","0","0","0","0","0","0","0","0","0","0","0","0","0","1","0","0","0","0","0","0","0","0","0","0","0","0","0","0"],"su":[],"lc":45,"lccm":0.25,"m":{"bn":"VoidSurvivorBody","m":0,"i":{"ib":75,"ed":false,"bah":0,"bas":0,"bar":0,"bad":0,"i":[{"i":127,"c":1},{"i":6,"c":8},{"i":136,"c":1},{"i":138,"c":1},{"i":156,"c":2},{"i":40,"c":3},{"i":38,"c":1},{"i":72,"c":1},{"i":65,"c":1},{"i":147,"c":1},{"i":25,"c":1},{"i":66,"c":1},{"i":89,"c":1},{"i":30,"c":2},{"i":12,"c":8},{"i":133,"c":2},{"i":97,"c":1},{"i":126,"c":1},{"i":193,"c":4},{"i":9,"c":1},{"i":16,"c":1},{"i":142,"c":1},{"i":173,"c":1},{"i":106,"c":2},{"i":55,"c":1}],"e":[{"i":9,"c":0,"cft":2324.126}],"aes":0},"l":{"ml":[{"bi":94,"sp":0,"sps":[0,0,0,1]},{"bi":29,"sp":0,"sps":[0,0,0,0,3,3]},{"bi":99,"sp":0,"sps":[0,1,0,0]}]},"vc":0,"cvrng":{"s0":17964973286939775032,"s1":13039525625992026723},"be":0,"nobsg":0,"obl":1,"nbl":0,"bxpnfcl":20,"lssme":0,"ms":[{"mi":30,"m":{"bn":"Drone1Body","m":0,"i":{"ib":0,"ed":false,"bah":0,"bas":0,"bar":0,"bad":0,"i":[{"i":123,"c":1},{"i":196,"c":1}],"e":[],"aes":0},"l":{"ml":[]},"vc":0,"cvrng":{"s0":1146892136341283370,"s1":19394063742495753},"be":0,"nobsg":0,"obl":1,"nbl":0,"bxpnfcl":20,"lssme":0,"ms":[]}},{"mi":30,"m":{"bn":"Drone1Body","m":0,"i":{"ib":0,"ed":false,"bah":0,"bas":0,"bar":0,"bad":0,"i":[{"i":123,"c":1},{"i":196,"c":1}],"e":[],"aes":0},"l":{"ml":[]},"vc":0,"cvrng":{"s0":1146892136341283370,"s1":19394063742495753},"be":0,"nobsg":0,"obl":1,"nbl":0,"bxpnfcl":20,"lssme":0,"ms":[]}},{"mi":112,"m":{"bn":"Turret1Body","m":0,"i":{"ib":0,"ed":false,"bah":0,"bas":0,"bar":0,"bad":0,"i":[{"i":123,"c":1},{"i":196,"c":1}],"e":[],"aes":0},"l":{"ml":[]},"vc":0,"be":0,"nobsg":0,"obl":1,"nbl":0,"bxpnfcl":20,"lssme":0,"ms":[]}},{"mi":31,"m":{"bn":"Drone2Body","m":0,"i":{"ib":0,"ed":false,"bah":0,"bas":0,"bar":0,"bad":0,"i":[{"i":123,"c":1},{"i":196,"c":1}],"e":[],"aes":0},"l":{"ml":[]},"vc":0,"be":0,"nobsg":0,"obl":1,"nbl":0,"bxpnfcl":20,"lssme":0,"ms":[]}},{"mi":34,"m":{"bn":"MissileDroneBody","m":0,"i":{"ib":0,"ed":false,"bah":0,"bas":0,"bar":0,"bad":0,"i":[{"i":123,"c":1},{"i":196,"c":1}],"e":[],"aes":0},"l":{"ml":[]},"vc":0,"be":0,"nobsg":0,"obl":1,"nbl":0,"bxpnfcl":20,"lssme":0,"ms":[]}},{"mi":46,"m":{"bn":"FlameDroneBody","m":0,"i":{"ib":0,"ed":false,"bah":0,"bas":0,"bar":0,"bad":0,"i":[{"i":123,"c":1},{"i":196,"c":1}],"e":[],"aes":0},"l":{"ml":[]},"vc":0,"be":0,"nobsg":0,"obl":1,"nbl":0,"bxpnfcl":20,"lssme":0,"ms":[]}},{"mi":46,"m":{"bn":"FlameDroneBody","m":0,"i":{"ib":0,"ed":false,"bah":0,"bas":0,"bar":0,"bad":0,"i":[{"i":123,"c":1},{"i":196,"c":1}],"e":[],"aes":0},"l":{"ml":[]},"vc":0,"be":0,"nobsg":0,"obl":1,"nbl":0,"bxpnfcl":20,"lssme":0,"ms":[]}},{"mi":112,"m":{"bn":"Turret1Body","m":0,"i":{"ib":0,"ed":false,"bah":0,"bas":0,"bar":0,"bad":0,"i":[{"i":123,"c":1},{"i":196,"c":1}],"e":[],"aes":0},"l":{"ml":[]},"vc":0,"be":0,"nobsg":0,"obl":1,"nbl":0,"bxpnfcl":20,"lssme":0,"ms":[]}},{"mi":112,"m":{"bn":"Turret1Body","m":0,"i":{"ib":0,"ed":false,"bah":0,"bas":0,"bar":0,"bad":0,"i":[{"i":123,"c":1},{"i":196,"c":1}],"e":[],"aes":0},"l":{"ml":[]},"vc":0,"be":0,"nobsg":0,"obl":1,"nbl":0,"bxpnfcl":20,"lssme":0,"ms":[]}},{"mi":31,"m":{"bn":"Drone2Body","m":0,"i":{"ib":0,"ed":false,"bah":0,"bas":0,"bar":0,"bad":0,"i":[{"i":123,"c":1},{"i":196,"c":1}],"e":[],"aes":0},"l":{"ml":[]},"vc":0,"be":0,"nobsg":0,"obl":1,"nbl":0,"bxpnfcl":20,"lssme":0,"ms":[]}},{"mi":41,"m":{"bn":"EquipmentDroneBody","m":0,"i":{"ib":0,"ed":false,"bah":0,"bas":0,"bar":0,"bad":0,"i":[{"i":123,"c":1},{"i":196,"c":1},{"i":23,"c":15}],"e":[{"i":31,"c":1,"cft":Infinity}],"aes":0},"l":{"ml":[]},"vc":0,"be":0,"nobsg":0,"obl":1,"nbl":0,"bxpnfcl":20,"lssme":0,"ms":[]}},{"mi":34,"m":{"bn":"MissileDroneBody","m":0,"i":{"ib":0,"ed":false,"bah":0,"bas":0,"bar":0,"bad":0,"i":[{"i":123,"c":1},{"i":196,"c":1}],"e":[],"aes":0},"l":{"ml":[]},"vc":0,"be":0,"nobsg":0,"obl":1,"nbl":0,"bxpnfcl":20,"lssme":0,"ms":[]}},{"mi":41,"m":{"bn":"EquipmentDroneBody","m":0,"i":{"ib":0,"ed":false,"bah":0,"bas":0,"bar":0,"bad":0,"i":[{"i":123,"c":1},{"i":196,"c":2},{"i":22,"c":20},{"i":24,"c":20},{"i":79,"c":1},{"i":23,"c":15}],"e":[],"aes":0},"l":{"ml":[]},"vc":0,"be":0,"nobsg":0,"obl":1,"nbl":0,"bxpnfcl":20,"lssme":0,"ms":[]}}]}},{"si":{"s":76561198061830603,"si":0},"sf":["1","661.566701170057","49","0","0","33117","0","885","216","393","10","1272","1272","11562.1274967666","11","11","1","1","0","11","11","11","11","0","0","0","0","0","0","0","0","0","0","1","0","0","0","0","0","1","0","0","1","0","0","0","0","0","0","0","0","0","0","0","0","0","0","0","0","0","0","0","0","0","0","0","0","0","0","0","0","0","0","0","0","0","0","0","0","0","0","0","0","0","0","0","0","0","0","0","0","0","0","0","0","0","0","0","0","0","0","0","0","0","0","0","0","0","0","0","0","0","0","0","0","0","0","0","0","0","0","0","0","0","0","0","0","0","0","0","0","0","0","0","0","0","0","0","0","0","0","0","0","0","0","0","661.533367834985","0","0","0","0","0","0","0","0","0","0","0","0","0","0","0","0","0","0","0","0","0","0","0","0","0","0","0","0","0","0","0","0","0","0","0","0","0","0","0","0","0","0","0","0","0","0","0","0","0","0","0","0","0","0","0","0","0","0","0","0","0","0","0","0","0","0","0","0","0","0","0","0","0","0","0","0","0","0","0","0","0","0","0","0","0","0","0","0","0","0","0","0","0","0","0","0","0","0","0","0","0","0","0","0","0","0","0","0","0","0","0","0","0","0","0","0","0","0","0","0","0","0","0","0","0","0","0","0","0","0","0","0","0","0","0","0","0","0","0","0","0","0","0","0","0","0","0","0","0","0","0","0","0","0","0","0","0","0","0","0","0","0","0","0","0","0","0","0","0","0","0","0","0","0","0","0","0","0","0","0","0","0","0","0","0","0","0","0","0","0","0","0","0","0","0","0","0","0","0","0","0","0","0","0","0","0","0","0","0","0","0","0","0","0","0","0","0","0","0","0","0","0","0","0","0","0","0","0","0","0","0","0","0","0","0","0","0","0","0","0","0","0","0","0","0","0","0","0","0","0","0","0","0","0","0","0","0","0","0","0","0","0","0","0","0","0","0","0","0","0","0","0","0","0","0","0","0","0","0","0","0","0","0","0","0","0","0","0","0","0","0","0","0","0","0","0","0","0","0","0","0","0","0","0","0","0","0","0","0","0","0","0","0","0","0","0","0","0","0","0","0","0","0","0","0","0","0","0","0","0","0","0","0","0","0","0","0","0","0","662.732299804688","0","0","0","0","0","0","0","0","0","0","0","0","0","0","0","0","0","0","0","0","0","0","0","0","0","0","0","0","0","0","0","0","0","0","0","0","0","0","0","0","0","0","0","0","0","0","0","0","0","0","0","0","0","0","0","0","0","0","0","0","0","0","0","0","0","0","0","0","0","0","0","0","0","0","0","0","0","0","0","0","0","0","1333","0","0","0","17288","0","0","0","0","0","0","0","0","0","0","0","0","0","0","0","0","0","0","0","0","0","0","0","0","0","0","0","0","0","0","0","0","0","0","0","0","0","212","0","0","0","0","0","0","0","0","0","3755","0","0","0","0","1878","0","0","0","0","0","0","0","0","0","0","0","1318","0","0","0","0","0","0","0","0","0","0","0","0","0","0","0","0","0","0","0","0","0","0","0","0","0","0","0","0","0","0","0","0","0","0","0","0","0","0","0","0","0","0","0","0","0","0","0","0","0","0","0","0","0","0","0","0","0","0","0","0","0","0","0","0","0","0","0","0","0","0","0","5773","318","0","0","0","0","0","0","0","0","0","0","0","0","0","1242","0","0","0","0","0","0","0","0","0","0","0","0","0","0","0","0","0","0","0","0","0","0","0","0","0","0","0","0","0","0","0","0","0","0","0","0","0","0","0","0","0","0","0","0","0","0","0","0","0","0","0","0","0","0","0","0","0","0","0","0","0","0","0","0","0","0","0","0","0","0","0","0","0","0","0","0","0","0","0","0","0","0","0","0","0","0","0","0","0","0","0","0","0","0","0","0","0","0","0","0","33117","0","0","0","0","0","0","0","0","0","0","0","0","0","0","0","0","0","0","0","0","0","0","0","0","0","0","0","0","0","0","0","0","0","0","0","0","0","0","0","0","0","0","0","0","0","0","0","0","0","0","0","0","0","0","0","0","0","0","0","0","0","0","0","0","0","0","0","0","0","0","0","0","0","0","0","0","0","0","0","0","0","0","0","0","0","0","0","0","0","0","0","0","0","0","0","0","0","0","0","0","0","0","0","0","0","0","0","0","0","0","0","0","0","0","0","0","0","0","0","0","0","0","0","0","0","0","0","0","0","0","0","0","0","0","0","0","0","0","0","0","0","0","0","0","0","0","0","0","0","0","0","0","0","0","0","0","0","0","0","0","0","0","0","0","0","0","0","0","0","0","0","0","0","0","0","0","0","0","0","0","0","0","0","0","0","0","0","0","0","0","0","0","0","0","0","0","0","0","0","0","0","0","0","0","0","0","0","0","0","0","0","0","0","0","0","0","0","0","0","0","0","0","0","0","0","0","0","0","0","0","0","0","0","0","0","0","0","0","0","0","0","0","0","0","0","0","0","0","0","0","0","0","91","0","0","0","454","0","0","0","0","0","0","0","0","0","0","0","0","0","0","0","0","0","0","0","0","0","0","0","0","0","0","0","0","0","0","0","0","0","0","0","0","0","0","0","0","0","0","0","0","0","0","0","80","0","0","0","0","0","0","0","0","0","0","0","0","0","0","0","0","62","0","0","0","0","0","0","0","0","0","0","0","0","0","0","0","0","0","0","0","0","0","0","0","0","0","0","0","0","0","0","0","0","0","0","0","0","0","0","0","0","0","0","0","0","0","0","0","0","0","0","0","0","0","0","0","0","0","0","0","0","0","0","0","0","0","0","0","0","0","0","0","0","0","0","0","0","0","0","0","0","0","0","0","0","0","0","86","0","0","0","0","0","0","0","0","0","0","0","0","0","0","0","0","0","0","0","0","0","0","0","0","0","0","0","0","0","0","0","0","0","0","0","0","0","0","0","0","0","0","0","0","0","0","0","0","0","0","0","0","0","0","0","0","0","0","0","0","0","0","0","0","0","0","0","0","0","0","0","0","0","0","0","0","0","0","0","0","0","0","0","0","0","0","0","0","0","0","0","0","0","0","0","0","0","0","0","0","885","0","0","0","0","0","0","0","0","0","0","0","0","0","0","0","0","0","0","0","0","0","0","0","0","0","0","0","0","0","0","0","0","0","0","0","0","0","0","0","0","0","0","0","0","0","0","0","0","0","0","0","0","0","0","0","0","0","0","0","0","0","0","0","0","0","0","0","0","0","0","0","0","0","0","0","0","0","0","0","0","0","0","5","0","0","0","8","0","0","0","0","0","0","0","0","0","0","0","0","0","0","0","0","0","0","0","0","0","0","0","0","0","0","0","0","0","0","0","0","0","0","0","0","0","4","0","0","0","0","0","0","0","0","0","4","0","0","0","0","1","0","0","0","0","0","0","0","0","0","0","0","10","0","0","0","0","0","0","0","0","0","0","0","0","0","0","0","0","0","0","0","0","0","0","0","0","0","0","0","0","0","0","0","0","0","0","0","0","0","0","0","0","0","0","0","0","0","0","0","0","0","0","0","0","0","0","0","0","0","0","0","0","0","0","0","0","0","0","0","0","0","0","0","1","3","0","0","0","0","0","0","0","0","0","0","0","0","0","13","0","0","0","0","0","0","0","0","0","0","0","0","0","0","0","0","0","1","0","0","0","0","0","0","0","0","0","0","0","0","0","0","0","0","0","0","0","0","0","0","0","0","0","0","0","0","0","0","0","0","0","0","0","0","0","0","0","0","0","0","0","0","0","0","0","0","0","0","0","0","0","0","0","0","0","0","0","0","0","0","0","0","0","0","0","0","0","0","0","0","0","0","0","0","0","0","0","0","0","0","0","0","0","0","0","0","0","0","0","0","0","0","0","0","0","0","0","0","0","0","0","0","0","0","0","0","0","0","0","0","0","0","0","0","0","0","0","0","0","0","0","0","0","0","0","0","0","0","0","0","0","0","0","0","0","0","0","0","0","0","0","0","0","0","0","0","0","0","0","0","0","0","0","0","0","0","0","0","0","0","0","0","0","0","0","0","0","0","0","0","0","0","0","0","0","0","0","0","0","0","0","0","0","0","0","0","0","0","0","0","0","0","0","0","0","0","0","0","0","0","0","0","0","0","0","0","0","0","0","0","0","0","0","0","0","0","0","0","0","0","0","0","0","0","0","0","0","0","0","0","0","0","0","0","0","0","0","0","0","0","0","0","0","0","0","0","0","0","0","0","0","0","0","0","0","0","0","0","0","0","0","0","0","0","0","0","0","0","0","0","0","0","0","0","0","0","0","0","0","0","0","0","0","0","0","0","0","0","0","0","0","0","0","0","0","0","0","0","0","0","0","0","0","0","0","0","0","0","0","0","0","0","0","0","0","0","0","0","0","0","0","0","0","0","0","0","0","0","0","0","0","0","0","0","0","0","0","0","0","0","0","0","0","0","0","0","0","0","0","0","0","0","0","0","0","0","0","0","0","0","0","0","0","0","0","0","0","0","0","0","0","0","0","0","0","0","0","0","0","0","0","0","0","0","0","0","0","0","0","0","0","0","0","0","0","0","0","0","0","0","0","0","0","0","0","0","0","0","0","0","0","0","0","0","0","0","0","0","0","0","49","0","0","0","0","0","0","0","0","0","0","0","0","0","0","0","0","0","0","0","0","0","0","0","0","0","0","0","0","0","0","0","0","0","0","0","0","0","0","0","0","0","0","0","0","0","0","0","0","0","0","0","0","0","0","0","0","0","0","0","0","0","0","0","0","0","0","0","0","0","0","0","0","0","0","0","0","0","0","0","0","0","0","0","0","0","0","0","0","0","0","0","0","0","0","0","0","0","0","0","0","0","0","0","0","0","0","0","0","0","0","0","0","0","0","0","0","0","0","0","0","0","0","0","0","0","0","0","0","0","0","0","0","0","0","0","0","0","0","0","0","0","0","0","0","0","0","0","0","0","0","0","0","0","0","0","0","0","0","0","0","0","0","0","0","0","0","0","0","0","0","0","0","0","0","0","0","0","0","0","0","0","0","0","0","0","0","0","0","0","0","0","0","0","0","0","0","0","0","0","0","0","0","0","0","0","0","0","0","0","0","0","0","0","0","0","0","0","0","0","0","0","0","0","0","0","0","0","0","0","0","0","0","0","0","0","0","0","0","0","0","0","0","0","0","0","0","0","0","0","0","0","0","0","0","0","0","0","0","0","0","0","0","0","0","0","0","0","0","0","0","0","0","0","0","0","0","0","0","0","0","0","0","0","0","0","0","0","0","0","0","0","0","0","0","0","0","0","0","0","0","0","0","0","0","0","0","0","0","0","0","0","0","0","0","0","0","0","0","0","0","0","0","0","0","0","0","0","0","0","0","0","0","0","0","0","0","0","0","0","0","0","0","0","0","0","0","0","0","0","0","0","0","0","0","0","0","0","0","0","0","0","0","0","0","0","0","0","0","0","0","0","0","0","0","0","0","0","0","0","0","0","0","0","0","0","0","0","0","0","0","0","0","0","0","0","0","0","0","0","0","0","0","0","0","0","0","0","0","0","0","0","0","0","0","0","0","0","0","0","0","0","0","0","0","0","0","0","0","0","0","0","0","0","0","0","0","0","0","0","0","0","0","0","0","0","0","0","0","0","0","0","0","0","0","0","0","0","0","0","0","0","0","0","0","0","0","0","0","0","0","0","0","0","0","0","0","0","0","0","0","0","0","0","0","0","0","0","0","0","0","0","0","0","0","0","0","0","0","0","0","0","0","0","0","0","0","0","0","0","1","0","0","0","0","0","0","0","0","0","0","0","0","0","0","0","0","0","0","0","0","0","0","0","0","0","0","0","0","0","0","0","0","0","0","0","0","0","0","0","0","0","0","0","0","0","0","0","0","0","0","0","0","0","0","0","0","0","0","0","0","0","0","0","0","0","0","0","0","0","0","0","0","0","0","0","0","0","0","0","0","0","0","0","0","0","0","0","0","0","0","0","0","0","0","0","0","0","0","0","0","0","0","0","0","0","0","0","0","0","0","0","0","0","0","0","0","0","0","0","0","0","0","0","0","0","0","0","0","0","0","0","0","0","0","0","0","0","0","0","0","0","0","0","0","0","0","0","0","0","0","0","0","0","0","0","0","0","0","0","0","0","0","0","0","0","0","0","0","0","0","0","0","0","0","0","0","0","0","0","0","0","0","0","0","0","0","0","0","0","0","0","0","0","0","0","0","0","0","0","0","0","0","0","0","0","0","0","0","0","0","0","0","0","0","0","0","0","0","0","0","0","0","0","0","0","0","0","0","0","0","0","0","0","0","0","0","0","0","0","0","0","0","0","0","0","0","0","0","0","0","0","0","0","0","0","0","0","0","0","0","0","0","0","0","0","0","0","0","0","0","0","0","0","0","0","0","0","0","0","0","0","0","0","0","0","0","0","0","0","0","0","0","0","0","0","0","0","0","0","0","0","0","0","0","0","0","0","0","0","0","0","0","0","0","0","0","0","0","0","0","0","0","0","0","0","0","0","0","0","0","0","0","0","0","0","0","0","0","0","0","0","0","0","0","0","0","0","0","0","0","0","0","0","0","0","0","0","0","0","0","0","0","0","0","0","0","0","0","0","0","0","0","0","0","0","0","0","0","0","0","0","0","0","0","0","0","0","0","0","0","0","0","0","0","0","0","0","0","0","0","0","0","0","0","0","0","0","0","0","0","0","0","0","0","0","0","0","0","0","0","0","0","0","0","0","0","0","0","0","0","0","0","0","0","0","0","0","0","0","0","0","0","0","0","0","0","0","0","0","0","0","0","0","0","0","0","0","0","0","0","0","0","0","0","0","0","0","0","0","0","0","0","0","0","0","0","0","0","0","0","0","0","0","0","0","0","0","0","0","0","0","0","0","0","0","0","0","0","0","0","0","0","0","0","0","0","0","0","0","0","0","0","0","0","0","0","0","0","0","0","0","0","0","0","0","0","0","0","0","0","0","0","0","0","0","0","0","0","0","0","0","0","0","0","0","0","0","0","0","0","0","0","0","0","0","0","0","0","0","0","0","0","0","0","0","0","0","0","0","0","0","0","0","0","0","0","0","0","0","0","0","0","0","1","0","0","0","0","0","0","0","0","0","0","0","0","0","0","0","0","0","0","0","0","0","1","0","0","0","0","0","0","0","0","0","0","0","0","0","0","0","0","0","0","0","0","0","0","0","0","0","0","0","0","0","0","0","0","0","0","0","0","0","0","0","0","0","0","0","0","0","0","0","1","0","0","0","0","0","0","0","0","0","0","1","0","0","0","0","0","0","0","0","0","0","0","0","0","0","0","0","0","0","0","0","0","0","0","0","0","0","0","0","0","0","0","0","0","0","0","0","0","0","0","0","0","0","1","0","0","0","0","0","2","0","0","1","0","0","0","0","0","0","0","0","0","0","0","0","0","0","0","0","0","0","0","1","0","0","0","0","0","0","0","0","0","0","0","0","0","0","0","0","0","0","0","0","0","0","0","0","2","0","0","0","0","0","0","0","0","0","0","0","0","0","0","0","0","0","0","0","0","0","0","0","0","1","0","0","0","0","0","0","0","0","0","0","0","0","0","0","0","0","0","0","0","0","0","1","0","0","0","0","0","0","0","0","0","0","0","0","0","0","0","0","0","0","0","0","0","0","0","0","0","0","0","0","0","0","0","0","0","0","0","0","0","0","0","0","0","0","0","0","0","0","0","1","0","0","0","0","0","0","0","0","0","0","1","0","0","0","0","0","0","0","0","0","0","0","0","0","0","0","0","0","0","0","0","0","0","0","0","0","0","0","0","0","0","0","0","0","0","0","0","0","0","0","0","0","0","1","0","0","0","0","0","2","0","0","1","0","0","0","0","0","0","0","0","0","0","0","0","0","0","0","0","0","0","0","1","0","0","0","0","0","0","0","0","0","0","0","0","0","0","0","0","0","0","0","0","0","0","0","0","2","0","0","0","0","0","0","0","0","0","0","0","0","0","0","0","0","0","0","0","0","0","0","146.233340959996","0","0","0","0","0","0","0","0","0","0","0","0","0","0","0","0","0","0","0","0","0","0","0","0","0","0","0","0","0","0","0","0","0","0","0","0","0","0","0","0","0","0","0","0","0","0","0","0","0","0","0","0","0","0","2","0","0","0","0","0","0","0","0","0","0","0","0","0","0","0","0","0","0","0","0","0","0","0","0","0","0","0","0","0","0","0","0","0","0","0","0","0","0","0","0","0","0","0","0","0","0","0","0","0","0","0","0","0","0","0","0","0","0","0","0","0","0","0","1","0","0","0","0","0","0","0","1","0","0","0","0","0","0","0","0","0","0","0","0","0","0","0","0","0","0","0","0","0","0","0","0","0","0","0","0","0","0","0","0","0","0","0","0","0","0","0","0","0","0","0","0","0","0","0","0","0","1","0","0","0","0","0","0","0","0","0","0","0","0","0","0","0","0","0","0","0","0","0","0","0","0","0","0","0","0","0","0","0","0","0","0","0","0","0","0","0","0","0","0","0","0","0","0","0"],"su":[],"lc":47,"lccm":0.5,"m":{"bn":"MercBody","m":0,"i":{"ib":0,"ed":false,"bah":0,"bas":0,"bar":0,"bad":0,"i":[{"i":127,"c":1},{"i":84,"c":1},{"i":25,"c":1},{"i":133,"c":2},{"i":3,"c":1},{"i":156,"c":1},{"i":136,"c":1},{"i":181,"c":2}],"e":[{"i":1,"c":1,"cft":Infinity}],"aes":0},"l":{"ml":[{"bi":10,"sp":0,"sps":[1,0,0,0]},{"bi":50,"sp":0,"sps":[0,1,0,1]},{"bi":99,"sp":3,"sps":[0,0,0,0]}]},"vc":0,"cvrng":{"s0":9233929325870239299,"s1":16769933906180717995},"be":0,"nobsg":0,"obl":1,"nbl":0,"bxpnfcl":20,"lssme":0,"ms":[]}}],"md":{},"ch":"mgTkr9O8XOkVUrZ6xgeZkw=="}